0,-0.048154426,-0.117595256,-0.606948832,-0.415192273,-0.287869711,0.981697024,-0.064022985,-0.065282012,0.052282153,0.840951621,0.588620539,0.67338943,0.685956642,0.436515572,1.168058154,-0.095390408,0.050752977,0.522522502,0.693831446,0.281175906,0.909294146,0.587336617,-0.203565757,-0.198502298,1.02428835,1.158886385,0.960827138,0.981822186,-0.111797108,-0.279189831,-0.345443094,0.575926245,0.054307523,-0.382380572,0.794638539,0.023996866,-0.380049737,-0.612354076,-0.136920973,-0.483313488,-0.129075862,-0.395100458,0.158246337,-0.318949725,1.129896407,0.169945273,-0.026644196,0.185686407,-0.351184962,0.490615745,0.089885761,1.026637319,0.049848851,0.714237867,0.155111395,-0.381781932
0.130363904,0,-0.005552083,-0.513697367,-0.313502047,-0.185603645,1.091937004,0.022490381,0.06766752,0.160186716,0.950664604,0.709747457,0.765950928,0.783172588,0.530530709,1.283017399,0.031408154,0.184900298,0.63972694,0.781592135,0.376133173,1.012261986,0.676124845,-0.101426389,-0.110522931,1.141814322,1.278960293,1.085307422,1.092661061,0.010592131,-0.161439747,-0.230741435,0.671979961,0.168297017,-0.287024314,0.907411541,0.147085431,-0.296010491,-0.513060335,-0.018946526,-0.409368283,-0.021571262,-0.283383431,0.252199092,-0.215448004,1.251684781,0.25252341,0.055467882,0.26042636,-0.256502543,0.604614655,0.179527199,1.120188932,0.157762778,0.785551602,0.240714868,-0.315196018
0.202383371,0.135604688,0,-0.490520584,-0.257455831,-0.165125826,1.142119205,0.05219621,0.042679894,0.173174734,0.999172929,0.732569721,0.855384786,0.857009077,0.610492266,1.326021638,0.023660017,0.175998607,0.697930691,0.849181044,0.444537257,1.07287448,0.761602854,-0.080510745,-0.058422359,1.168031728,1.298282585,1.109411343,1.14697241,0.026567506,-0.151921605,-0.142039287,0.759096713,0.188841852,-0.268765615,0.972295776,0.156976324,-0.258770472,-0.486636623,0.01929638,-0.364746638,0.018075603,-0.245417099,0.349281731,-0.194825861,1.326563323,0.363208018,0.163418962,0.373866018,-0.157011903,0.661664418,0.287716642,1.217827133,0.18567215,0.90051322,0.351638261,-0.193904422
0.868293172,0.794201873,0.679709708,0,0.398191568,0.455115282,1.90269242,0.5949182,0.747534887,0.910326764,1.749430872,1.441388348,1.561856091,1.608547706,1.363904829,2.060549478,0.782320899,0.775666273,1.37025398,1.592768336,1.147972143,1.817064234,1.523429022,0.598347334,0.689602079,1.896311343,2.033591987,1.864992055,1.899396699,0.646611158,0.487694385,0.51932009,1.455214089,0.885932344,0.315437911,1.694314783,0.801494705,0.311865186,0.084702495,0.643238597,0.160647647,0.662814828,0.405113632,1.082599536,0.465173759,2.042579732,1.004496058,0.815803203,1.033165131,0.545336607,1.350623205,1.000459837,1.935063358,0.714543303,1.619474466,1.065023715,0.484517085
0.50566752,0.43626938,0.354464731,-0.175304228,0,0.144852161,1.448728995,0.364784497,0.414681033,0.544282483,1.313530643,1.025676798,1.133050421,1.184812492,0.927334063,1.625625882,0.399085401,0.489534514,0.964153874,1.190396387,0.742615419,1.360397834,1.064493058,0.27586296,0.287840082,1.486909361,1.612840802,1.432842828,1.424684875,0.311233574,0.156014834,0.094683414,1.031301383,0.505453705,0.074344624,1.270408241,0.464290561,0.052245583,-0.188998724,0.289097526,-0.026630479,0.295186614,0.045005053,0.637059471,0.147815857,1.563919809,0.657419871,0.461663245,0.665299125,0.148545465,0.934215086,0.567323907,1.497098021,0.446653783,1.188281962,0.63538531,0.111795163
0.454017267,0.379068696,0.26100186,-0.304633831,-0.03958008,0,1.431391404,0.246382893,0.320530454,0.462723525,1.269841154,0.974616635,1.131372965,1.1389452,0.883175557,1.602856838,0.325602818,0.405058648,0.960667812,1.123317274,0.678007551,1.343215555,1.044021116,0.156188535,0.18633225,1.455017325,1.592309827,1.407448679,1.425155295,0.24230802,0.081897021,0.099875863,1.014178994,0.441433422,-0.072436753,1.257250354,0.372477476,-0.09151019,-0.324553047,0.223218752,-0.17075791,0.225083199,-0.022327987,0.61374949,0.036089012,1.592048016,0.608884695,0.410196745,0.627877845,0.096547693,0.880178798,0.552370031,1.504654908,0.360624347,1.160318108,0.62466262,0.053037351
-0.746130423,-0.832803109,-0.903732158,-1.208576191,-1.208200235,-1.033647514,0,-0.708566936,-0.906089976,-0.837130724,-0.079910467,-0.284026973,-0.209521986,-0.245673018,-0.523780055,0.253640641,-1.010131512,-0.68843685,-0.279930635,-0.254934053,-0.604848894,-0.037131323,-0.388687509,-1.009100012,-1.157303328,0.103137733,0.241605798,0.001325364,0.017651607,-0.858438672,-1.060199889,-1.116507377,-0.267333857,-0.802102258,-1.073626979,-0.063819297,-0.747163028,-1.119334857,-1.304762489,-0.88888506,-1.117191558,-0.925005611,-1.169271608,-0.734252382,-1.12971345,0.263767659,-0.549177717,-0.791911798,-0.587802854,-1.183823418,-0.328206986,-0.756383781,0.132204654,-0.573075315,-0.168674808,-0.704210701,-1.187594738
0.282805212,0.194486552,0.086572896,-0.540561396,-0.194777541,-0.13931118,1.300161203,0,0.153452227,0.297347711,1.142130466,0.849931158,0.971423466,0.994322338,0.745815018,1.464519425,0.164926535,0.215312044,0.802870188,0.978247576,0.544959608,1.215885866,0.912252494,-0.007598163,0.049438746,1.301694795,1.441957512,1.265931828,1.303540532,0.071085368,-0.098459484,-0.056886382,0.863569432,0.290876362,-0.276493892,1.100331656,0.21641627,-0.278326922,-0.50259523,0.074525498,-0.416510608,0.073786159,-0.195454743,0.486120627,-0.14121268,1.461781449,0.423939845,0.226480311,0.44666569,-0.057129921,0.763090398,0.41158471,1.345566102,0.175453797,1.012113607,0.474375406,-0.119703872
0.351252092,0.305784676,0.143585121,-0.306949742,-0.102118116,-0.013409114,1.232116704,0.207770452,0,0.192833144,1.116544016,0.877404798,0.996428078,0.987890365,0.806194423,1.417540358,-0.030699672,0.1483708,0.82627554,1.012679469,0.555956823,1.19841061,0.946041062,-0.016095239,0.114981581,1.217752044,1.328582027,1.146338051,1.250830727,0.129744822,-0.13104803,0.000852995,0.904348324,0.348000476,-0.10333703,1.089886204,0.258046331,-0.13090295,-0.326105962,0.165708466,-0.218090001,0.098558979,-0.125186971,0.47062229,-0.030284131,1.48685318,0.541715756,0.345707635,0.545723454,0.013537865,0.808918158,0.463482334,1.373238837,0.273734716,1.034954892,0.496356432,-0.018343191
0.171867175,0.102329437,-0.023105303,-0.434377989,-0.271721698,-0.167659799,1.022412026,0.066117829,-0.113998449,0,0.912755735,0.7051634,0.792912054,0.76690158,0.568383934,1.226626101,-0.197022588,0.067321438,0.659443538,0.77804765,0.373057114,0.99081121,0.706641046,-0.181642147,-0.113777536,1.028494283,1.147123847,0.946791243,1.049779374,-0.005699248,-0.252684553,-0.159754402,0.705852697,0.161470196,-0.260407821,0.888962149,0.121470897,-0.27505688,-0.46495163,0.015681243,-0.361297608,-0.034581345,-0.280315137,0.270046146,-0.208367418,1.294088316,0.349353867,0.145753784,0.348046048,-0.192199249,0.637738585,0.256134653,1.159127863,0.185425238,0.82069343,0.288692365,-0.22203174
-0.653164988,-0.735616497,-0.819764345,-1.152343991,-1.124492623,-0.980706208,0.180063095,-0.643302352,-0.784214575,-0.710620786,0,-0.180826502,-0.056617681,-0.13738192,-0.406795485,0.380615643,-0.86040171,-0.523025593,-0.152091393,-0.126194808,-0.512832219,0.100135001,-0.239859718,-0.924735818,-1.082027117,0.264837592,0.404457834,0.182159903,0.168497479,-0.762053672,-0.940869649,-0.982164592,-0.153713534,-0.688058537,-1.018211368,0.091765735,-0.648707908,-1.059969263,-1.256122986,-0.81293188,-1.036615903,-0.831960143,-1.092147581,-0.619925222,-1.053021005,0.39686569,-0.466377025,-0.689681318,-0.490510599,-1.09452622,-0.258198844,-0.64929887,0.30116544,-0.48624347,-0.067925018,-0.578641147,-1.097435615
-0.416559103,-0.478968906,-0.594265813,-1.006186537,-0.91860234,-0.787333135,0.477212486,-0.472650194,-0.530495301,-0.413096772,0.30953733,0,0.200681798,0.184212811,-0.106742685,0.659109402,-0.554571492,-0.362792372,0.049817956,0.189651164,-0.264256238,0.385798242,0.048417026,-0.663562886,-0.776219812,0.531464441,0.67853397,0.475635701,0.450893393,-0.584535567,-0.715115114,-0.810265324,0.10270674,-0.495101959,-0.826988741,0.326418265,-0.448004816,-0.874481842,-1.09272107,-0.645961507,-0.853606061,-0.635762328,-0.879592015,-0.351741026,-0.81780643,0.618964752,-0.228928856,-0.443083834,-0.244140703,-0.819129798,-0.047361713,-0.391224902,0.553165979,-0.364233795,0.225959348,-0.302787936,-0.839120451
-0.531111257,-0.614310629,-0.651512821,-1.046073034,-0.976150855,-0.806257197,0.329425137,-0.53114211,-0.586471397,-0.515267807,0.223244854,-0.011618796,0,0.057626151,-0.218755776,0.528181344,-0.646597706,-0.415322305,-0.087649694,0.058930507,-0.315013377,0.254609755,-0.091015238,-0.721352614,-0.836930177,0.403683777,0.540540219,0.331961711,0.315688575,-0.640400202,-0.79442617,-0.890289474,-0.042162458,-0.557478387,-0.865042245,0.165545856,-0.489498889,-0.904934266,-1.089388564,-0.677164141,-0.929862679,-0.676376586,-0.949152736,-0.469392589,-0.861455011,0.483500281,-0.357015591,-0.580639403,-0.378837366,-0.925232098,-0.083575282,-0.530065347,0.359307547,-0.374883882,0.077651637,-0.478421891,-0.955175285
-0.488762737,-0.584333816,-0.64314872,-0.990332446,-0.932084559,-0.789294798,0.347202807,-0.484834831,-0.592786167,-0.535411972,0.196167717,0.021519778,0.097302327,0,-0.269419707,0.551440602,-0.665086828,-0.314552235,0.026107578,0.011960007,-0.310083214,0.273288222,-0.097426129,-0.751185806,-0.923007299,0.427784556,0.570901149,0.346927642,0.34719926,-0.552177419,-0.718385058,-0.786431264,0.026872269,-0.529670653,-0.858310034,0.243343985,-0.443317081,-0.889631644,-1.051348295,-0.598738623,-0.901907762,-0.624926538,-0.883256382,-0.439799533,-0.872161615,0.577972086,-0.314560886,-0.541497799,-0.340590154,-0.915837282,-0.037011611,-0.471414204,0.432693397,-0.254761409,0.092591633,-0.408544984,-0.935736691
-0.140171231,-0.227273657,-0.282165413,-0.642805762,-0.581804822,-0.436170384,0.674110598,-0.144162242,-0.164145787,-0.117645307,0.529131621,0.317503325,0.403425091,0.344052087,0,0.874619559,-0.205950075,0.106153524,0.335299332,0.321211421,0.055063934,0.571931198,0.18176011,-0.353561702,-0.583734643,0.768596615,0.917562635,0.705588592,0.647653534,-0.187293123,-0.301824982,-0.448749017,0.348912673,-0.243202229,-0.502977701,0.566618527,-0.073658866,-0.540288946,-0.679399136,-0.25292535,-0.542368658,-0.243556601,-0.497328603,-0.075791801,-0.515460058,0.816594947,0.024467116,-0.201570854,-0.007751115,-0.550463928,0.263763239,-0.13531676,0.707995215,0.122868252,0.425497972,-0.060349515,-0.563600751
-0.953595737,-1.031218827,-1.114645335,-1.423555292,-1.433346107,-1.263141824,-0.161806295,-0.922058163,-1.11144141,-1.035036467,-0.294694422,-0.484187481,-0.400666165,-0.454615491,-0.715135976,0,-1.186636281,-0.847288126,-0.495544075,-0.432636406,-0.820120779,-0.228061778,-0.569047627,-1.212011395,-1.392937344,-0.091794356,0.044004842,-0.16799803,-0.177487508,-1.066749691,-1.250071926,-1.298894355,-0.466191621,-1.017722913,-1.289106584,-0.258662263,-0.932291743,-1.36018995,-1.527208112,-1.105743061,-1.316405254,-1.142920362,-1.404447724,-0.943376782,-1.338213845,0.067976925,-0.746486422,-0.97990846,-0.785446695,-1.387614558,-0.553966123,-0.957355662,-0.056513298,-0.754655865,-0.386483074,-0.900304185,-1.401482076
0.484410246,0.434782463,0.290122381,-0.103040904,0.043439048,0.158057781,1.32068907,0.38883677,0.126358045,0.271676879,1.223873381,1.020239347,1.105124421,1.095165874,0.930425807,1.531462215,0,0.290101098,0.956132725,1.132263336,0.674988652,1.30925733,1.058770997,0.0987519,0.247782213,1.310342467,1.417995121,1.217506737,1.357281864,0.270083722,-0.008427755,0.124702971,1.012864324,0.492978074,0.07192184,1.187851734,0.406401269,0.061572363,-0.151548161,0.318082631,-0.023241525,0.244220236,0.00969462,0.56925429,0.119863747,1.612437733,0.676675765,0.476497175,0.671408474,0.131431702,0.94008107,0.573058885,1.48280172,0.447915356,1.138119952,0.595884596,0.109010916
0.330553533,0.285868121,0.138318082,-0.4157067,-0.148753602,-0.059375486,1.305561215,0.138745835,0.01580367,0.23583582,1.18509894,0.887975626,1.012396549,1.076767131,0.910213325,1.475793144,0.001083923,0,0.799558742,1.113495991,0.552371758,1.265070134,1.037525607,-0.001365915,0.200777159,1.275980602,1.390542386,1.2122229,1.315963272,0.043507678,-0.224925504,-0.106388928,0.894763915,0.380155692,-0.14233114,1.093139277,0.192009669,-0.177878035,-0.423391959,0.077385776,-0.295559627,0.027016721,-0.192866206,0.474292832,-0.03147321,1.517055841,0.521093999,0.330502134,0.546338858,0.015697159,0.814880499,0.451136801,1.426866152,0.117844942,1.071317346,0.485710269,-0.036771938
-0.41230221,-0.476267874,-0.540602501,-0.992266815,-0.893392081,-0.708296013,0.500336446,-0.451219912,-0.493540383,-0.377627064,0.381740384,0.10958356,0.175626691,0.242893264,-0.023897343,0.681216808,-0.535207506,-0.379307441,0,0.267043593,-0.193463464,0.419606277,0.101435056,-0.599316738,-0.655248649,0.551425482,0.682289556,0.487895972,0.469187065,-0.570233368,-0.73136748,-0.84117075,0.098206659,-0.424881948,-0.7632062,0.31191524,-0.402316834,-0.785715508,-1.025105547,-0.603179075,-0.843059968,-0.602189671,-0.867938054,-0.32610294,-0.741016276,0.620757229,-0.232917319,-0.444538217,-0.245530207,-0.792701141,0.034212684,-0.401520211,0.536746553,-0.370684023,0.249136344,-0.334476398,-0.822729921
-0.420260307,-0.514812514,-0.584196719,-0.926073665,-0.860053036,-0.73310172,0.365289364,-0.440056514,-0.533319039,-0.484666051,0.233111319,0.06624641,0.138000703,0.058729912,-0.224213478,0.583235981,-0.594797538,-0.239524009,0.07801757,0,-0.244324249,0.300502508,-0.063249298,-0.687399896,-0.862424097,0.439459189,0.570482722,0.357864204,0.368151252,-0.498717132,-0.66484842,-0.702934884,0.062539478,-0.482497287,-0.80482613,0.29047041,-0.375162082,-0.834217995,-0.983530724,-0.528991581,-0.845785518,-0.543837556,-0.791941408,-0.361113204,-0.814296331,0.599357891,-0.255231719,-0.476539614,-0.279602967,-0.840800181,-0.002283956,-0.405677401,0.466007891,-0.21997162,0.152162888,-0.339989025,-0.845738085
-0.111550738,-0.200135169,-0.263570906,-0.718802255,-0.587767442,-0.472199503,0.819805367,-0.183021823,-0.234446395,-0.115128966,0.646270934,0.38798576,0.523119576,0.517717326,0.27062275,0.994675901,-0.279352784,-0.092600787,0.375920921,0.533372364,0,0.736957614,0.424702651,-0.366784293,-0.422153337,0.870487949,1.011018178,0.804988696,0.803180609,-0.28737814,-0.462522397,-0.46373002,0.404466244,-0.091225203,-0.50586354,0.659250531,-0.136625244,-0.584383012,-0.803453612,-0.325445339,-0.582592534,-0.347706736,-0.582499655,-0.057479924,-0.501567357,1.001194697,0.060929435,-0.144766743,0.053557646,-0.52069953,0.309001077,-0.089969381,0.896654881,-0.11069419,0.515380575,-0.005553637,-0.5528281
-0.688795911,-0.78461434,-0.841158145,-1.17707489,-1.159233943,-0.991809863,0.094685473,-0.671850369,-0.783384265,-0.720898637,-0.025441885,-0.244444013,-0.1540709,-0.183036387,-0.494056243,0.316111013,-0.863758306,-0.579933005,-0.228705,-0.196390317,-0.539779717,0,-0.345876288,-0.92265333,-1.108690202,0.205212868,0.3418178,0.123989528,0.073270351,-0.789316568,-0.96045206,-1.040600013,-0.215381213,-0.753565841,-1.032703292,0.013692206,-0.685922191,-1.067069713,-1.262352088,-0.835185604,-1.069193417,-0.853309646,-1.100754339,-0.659415882,-1.07405464,0.279024344,-0.509779707,-0.741812684,-0.546140429,-1.127413699,-0.299224588,-0.70345746,0.181397499,-0.5230844,-0.12470218,-0.636640526,-1.131901247
-0.292445,-0.393103061,-0.432475252,-0.766548532,-0.756145379,-0.576660487,0.501198378,-0.267916476,-0.325019953,-0.286816672,0.387305648,0.177805865,0.228962323,0.202321104,-0.127630239,0.722204441,-0.385216725,-0.056734343,0.164709688,0.184420328,-0.100558298,0.409443811,0,-0.496430836,-0.724266299,0.592783679,0.743887568,0.520434609,0.477371074,-0.343447456,-0.466348927,-0.644440763,0.18633254,-0.393557383,-0.633488081,0.392576697,-0.223472035,-0.639441245,-0.823858963,-0.410894066,-0.672471568,-0.400857597,-0.673668982,-0.247721497,-0.656610738,0.658199276,-0.121597685,-0.356507028,-0.16295373,-0.714230809,0.124943218,-0.314253139,0.545388477,-0.023484835,0.278332162,-0.240050772,-0.740007254
0.377560314,0.301908954,0.176590679,-0.322502606,-0.080275838,-0.015653175,1.309540227,0.210131657,0.150169836,0.290288912,1.171521122,0.928567416,1.048582169,1.025406189,0.801574765,1.506324774,0.104373736,0.296967634,0.899872457,1.017652341,0.607323946,1.249273156,0.963770882,0,0.107563637,1.329144943,1.460547107,1.263766061,1.329822049,0.193693225,-0.013551582,0.042481631,0.945453092,0.382338979,-0.121044509,1.166693849,0.314952313,-0.12645846,-0.334227643,0.198393187,-0.222499417,0.166559514,-0.077501065,0.517709375,-0.02635848,1.546368332,0.531274683,0.338161676,0.54644538,0.016027032,0.843106941,0.481014816,1.421461683,0.338672644,1.062082013,0.533428848,-0.024709558
0.429773181,0.342361987,0.255252722,-0.166598826,-0.017025611,0.069239788,1.279967995,0.327732215,0.32963224,0.408636828,1.120165641,0.898228358,1.007215724,0.955745892,0.666905715,1.452132343,0.30433537,0.547956195,0.914716079,0.927766155,0.611364485,1.190551741,0.840804773,0.15766133,0,1.319582273,1.47032637,1.272776187,1.268001494,0.318118295,0.194201522,0.147962421,0.94829433,0.355427471,-0.015639306,1.160139586,0.435140409,-0.041504387,-0.205112597,0.280174776,-0.070923701,0.27015066,0.016848212,0.525637577,0.026337384,1.459208259,0.588271061,0.379214164,0.57139435,0.048712588,0.821776399,0.484001843,1.344090652,0.557264668,1.026022757,0.548295279,0.014748803
-0.756770094,-0.832934885,-0.936167995,-1.274473718,-1.203703609,-1.058830315,0.010303045,-0.776079211,-0.990101382,-0.893122627,-0.080502243,-0.300563995,-0.21938715,-0.240923129,-0.481246549,0.220161307,-1.082023532,-0.792880906,-0.306333524,-0.25084875,-0.609170616,-0.020054223,-0.363590419,-1.037216054,-1.148700242,0,0.149286738,-0.073325704,0.027778607,-0.902012847,-1.099497641,-1.091223862,-0.25394443,-0.841502888,-1.135269031,-0.092869405,-0.781436777,-1.157425571,-1.336414778,-0.901072103,-1.180550304,-0.951782055,-1.201110635,-0.712452848,-1.135161017,0.283524987,-0.550602962,-0.787743525,-0.594397089,-1.147141092,-0.340575753,-0.726029058,0.123634762,-0.647212235,-0.14244099,-0.682036668,-1.178156207
-0.881959363,-0.955520108,-1.06013748,-1.373871063,-1.344226471,-1.180333924,-0.120391139,-0.881752244,-1.146684546,-1.046312513,-0.215163854,-0.422653118,-0.341731946,-0.374589652,-0.603449107,0.087653469,-1.251470503,-0.941927162,-0.430062515,-0.365657837,-0.744698928,-0.144477731,-0.482530318,-1.174939403,-1.273986975,-0.111560778,0,-0.205902013,-0.108585483,-1.042463679,-1.26516053,-1.242433975,-0.386627218,-0.970397206,-1.237847359,-0.221930881,-0.915753584,-1.274588242,-1.448305467,-1.036609953,-1.290776651,-1.094882186,-1.336212446,-0.860615515,-1.253128241,0.159186211,-0.672214994,-0.912316656,-0.71240591,-1.287957976,-0.46791499,-0.85730577,0.006719289,-0.77250041,-0.271080665,-0.817627005,-1.302656581
-0.669252892,-0.737991421,-0.842684819,-1.155797288,-1.117183362,-0.958106907,0.093863325,-0.655925721,-0.906178749,-0.82076062,0.016659544,-0.18635427,-0.118340035,-0.147474096,-0.378849921,0.334417559,-1.030751284,-0.702436377,-0.199111117,-0.147724712,-0.512278987,0.078564477,-0.265769619,-0.957392776,-1.04638681,0.109205023,0.245809018,0,0.124201423,-0.815928375,-1.040848942,-1.017429476,-0.164373165,-0.733426496,-1.020585688,0.000381004,-0.69499657,-1.035992055,-1.232810958,-0.801426378,-1.070012535,-0.861260702,-1.114212953,-0.629065964,-1.041269018,0.393756585,-0.449106422,-0.696817875,-0.493254308,-1.074768161,-0.231654331,-0.639106177,0.231846813,-0.541453658,-0.040526127,-0.600672394,-1.090241138
-0.727834316,-0.814616858,-0.874448453,-1.188896615,-1.212049825,-1.01663742,0.039403809,-0.68301289,-0.846682512,-0.771856575,-0.068857499,-0.28875002,-0.207618883,-0.221418601,-0.525149015,0.258524214,-0.92910873,-0.640293016,-0.293588229,-0.221944691,-0.591482264,-0.041703273,-0.386977183,-0.950733801,-1.140419322,0.144529576,0.272793854,0.056466537,0,-0.846232167,-1.025031095,-1.107280073,-0.268715219,-0.803158677,-1.042339126,-0.03968863,-0.722098751,-1.093462797,-1.285349543,-0.887996201,-1.073022732,-0.910095343,-1.156346797,-0.721948942,-1.100310527,0.215484588,-0.535795467,-0.775742368,-0.577335528,-1.169355787,-0.348283227,-0.759619473,0.131918734,-0.565941883,-0.160625365,-0.696067638,-1.166499832
0.283522526,0.223916184,0.113757852,-0.450072026,-0.214580251,-0.102169471,1.272413258,0.113818979,0.114845117,0.286932008,1.131143854,0.814039463,0.945214349,1.016200672,0.78387708,1.450460451,0.09432558,0.131351888,0.762479258,1.02351156,0.498529112,1.20133293,0.922464082,0.020124571,0.09026677,1.285835322,1.41028708,1.221218559,1.258947986,0,-0.164432087,-0.133638624,0.837951138,0.298157863,-0.177015795,1.072024411,0.20152612,-0.225819928,-0.469878876,0.02180313,-0.303504206,0.014203189,-0.225678059,0.417904738,-0.102244998,1.420366173,0.460456089,0.253967769,0.474557764,-0.076899705,0.722684039,0.375169776,1.346032727,0.141972187,1.015115235,0.43370506,-0.107827624
0.57759217,0.521015739,0.400071368,-0.130087014,0.093227412,0.209517048,1.519201005,0.410021188,0.331259367,0.504482694,1.400029299,1.139048939,1.236568991,1.295792057,1.104406932,1.706550891,0.289738253,0.36931787,1.047013834,1.312573519,0.797083763,1.474417745,1.236147174,0.28425233,0.428693677,1.534017788,1.636495895,1.456077966,1.526098911,0.309011166,0,0.169849306,1.096757746,0.643996452,0.136353975,1.335206695,0.471296705,0.088385032,-0.147364565,0.348662934,-0.003841539,0.312824114,0.082057083,0.710969212,0.204348336,1.709462729,0.753598856,0.561854873,0.772710953,0.227084639,1.024171037,0.678452977,1.641683454,0.405214548,1.29405683,0.71730626,0.209553192
0.560872629,0.500510813,0.44733718,-0.053157112,0.080266594,0.262347512,1.49305735,0.476865519,0.491819406,0.631610611,1.390144164,1.090305827,1.142973053,1.269269167,1.022141997,1.686439795,0.464323202,0.509811612,0.981214436,1.297451907,0.819649357,1.419983833,1.132401886,0.373201418,0.430338983,1.544223649,1.660763369,1.477766163,1.472166696,0.369796252,0.215224705,0,1.067104937,0.583403114,0.204251014,1.279532309,0.533095507,0.199475763,-0.066469329,0.335483937,0.086571188,0.354586751,0.112205605,0.680969903,0.274627621,1.583380298,0.706268452,0.520838357,0.721569242,0.212879034,1.018560843,0.593652702,1.531634991,0.505872937,1.238342411,0.657119233,0.177276786
-0.456860641,-0.548227419,-0.581686132,-1.012274369,-0.935416471,-0.763240082,0.447813231,-0.485652895,-0.509127553,-0.430177219,0.311758958,0.079814824,0.140261505,0.168449305,-0.101347264,0.652635362,-0.580922273,-0.370229956,0.017955497,0.179271684,-0.258629961,0.36546956,0.038423838,-0.659437563,-0.735447499,0.537867218,0.665691351,0.456514823,0.427778096,-0.594004368,-0.789819659,-0.853953907,0,-0.429567366,-0.806431934,0.289987293,-0.449687864,-0.85824045,-1.075822189,-0.636925969,-0.876079147,-0.633446187,-0.903589413,-0.385722765,-0.806620241,0.594134075,-0.2898256,-0.504776283,-0.301533848,-0.867733902,-0.012043262,-0.455539471,0.506726217,-0.381587597,0.17637088,-0.390434633,-0.889089567
0.139350524,0.076929067,-0.038749274,-0.49782633,-0.341471239,-0.219681516,1.033454961,0.031153884,0.020754154,0.133793758,0.905627916,0.609071685,0.732254001,0.746259666,0.454330471,1.215668052,0.005676512,0.190562482,0.592936088,0.73866816,0.370268085,0.948834989,0.596740756,-0.113346703,-0.197935531,1.050845475,1.189553093,0.999398599,1.009676702,-0.022539724,-0.12769509,-0.240383125,0.683122928,0,-0.304081892,0.861321974,0.136144831,-0.317832856,-0.503785379,-0.051667883,-0.371555975,-0.038652581,-0.303774879,0.254141362,-0.243256802,1.165641469,0.315440787,0.090588646,0.300125337,-0.226105448,0.551928012,0.196358596,1.068570032,0.224339018,0.8088765,0.267733544,-0.265484968
0.585892683,0.506259468,0.384088473,-0.211855412,0.123580486,0.162178555,1.581705301,0.337811859,0.454848437,0.590352695,1.420199022,1.133028733,1.274623365,1.271118217,1.020557816,1.748529338,0.461532925,0.542710135,1.106302129,1.245818869,0.852491755,1.497247354,1.185964801,0.28268387,0.329718275,1.577996447,1.724399529,1.543993055,1.586776155,0.397921644,0.238406501,0.268868411,1.168507333,0.577662098,0,1.392009612,0.522975962,0.04265813,-0.177897951,0.391781484,-0.088846011,0.394786514,0.12964493,0.790253742,0.159813996,1.753909051,0.727795659,0.535320962,0.744957329,0.248354996,1.053221309,0.718727227,1.633415312,0.508109279,1.310483128,0.779981515,0.190478566
-0.651642763,-0.715926385,-0.792296541,-1.154423961,-1.130387379,-0.92426338,0.197257274,-0.636341905,-0.841055704,-0.725414052,0.111507748,-0.1242216,-0.085731028,-0.048546249,-0.294061514,0.421642281,-0.973940061,-0.669572579,-0.213038155,-0.034769147,-0.454949776,0.158806479,-0.186308679,-0.89059092,-0.940336255,0.242901741,0.358250078,0.141002825,0.197735385,-0.812142999,-1.048727179,-1.110652411,-0.161027119,-0.689381134,-0.974623337,0,-0.639193725,-0.98741365,-1.219540725,-0.822664769,-1.044874046,-0.857504964,-1.111821925,-0.614438678,-0.982741967,0.399194428,-0.447623336,-0.679821452,-0.473567815,-1.055053056,-0.186312077,-0.658325994,0.26624129,-0.555237998,-0.020583544,-0.600741133,-1.073106704
0.11212337,0.055648362,-0.072360428,-0.594931628,-0.369533991,-0.285204352,1.086771915,-0.0445295,-0.058770203,0.098622422,0.930732621,0.647596679,0.790645242,0.812240154,0.581159761,1.267661106,-0.077773761,0.009328717,0.617876381,0.821895405,0.343554364,1.014345886,0.730849936,-0.171678912,-0.107336094,1.111900055,1.239115043,1.047631603,1.087489908,-0.101603348,-0.309987372,-0.271426319,0.669025523,0.140596276,-0.35809613,0.906233761,0,-0.369553057,-0.624670592,-0.10766685,-0.458037487,-0.119695168,-0.370361522,0.260457404,-0.276634535,1.258843464,0.289363396,0.091852004,0.30590261,-0.238150376,0.561650828,0.212145358,1.179800516,0.020412969,0.832068142,0.26822997,-0.275639352
0.716612328,0.630100699,0.529464321,-0.089596833,0.241576937,0.269609518,1.706252756,0.465216203,0.560009142,0.71806719,1.545261289,1.246000226,1.391671646,1.400208907,1.157199036,1.861902068,0.590642174,0.642072604,1.23378451,1.383213768,0.929481765,1.621882547,1.333986618,0.405717769,0.442228499,1.716937199,1.857595802,1.683037501,1.701802733,0.48140082,0.318030019,0.406605887,1.275712275,0.706030694,0.166542057,1.543999975,0.64501551,0,-0.086782817,0.484261314,0.032563529,0.468132544,0.242592658,0.883971516,0.283950372,1.880105258,0.868383009,0.662746565,0.887764075,0.36165329,1.145445796,0.848009669,1.770801548,0.59425165,1.418904756,0.900794085,0.315827732
0.822649418,0.752172334,0.639724546,0.02251964,0.333278465,0.385616298,1.835355287,0.581194489,0.700032035,0.858900068,1.673099018,1.360577074,1.516603103,1.554470284,1.314462975,1.999780952,0.710708464,0.733775089,1.327385774,1.545638549,1.05473752,1.747595325,1.468498193,0.542235855,0.615316696,1.845052534,1.987092901,1.805358603,1.828165251,0.582960631,0.424212106,0.463112249,1.391541701,0.851503793,0.290739979,1.64680063,0.735271758,0.263506018,0,0.57392702,0.174521914,0.581272768,0.332207626,1.000987586,0.406071808,1.978432621,0.981979137,0.787763972,1.003503933,0.486882797,1.25735141,0.940485735,1.903422005,0.660796212,1.559310241,1.012393474,0.433853173
0.286652165,0.22856741,0.135832876,-0.414964811,-0.206783714,-0.091980313,1.288663024,0.150352371,0.188683858,0.348742927,1.13011924,0.816981474,0.947036787,1.017785657,0.769945334,1.457324332,0.19172715,0.232803195,0.761311922,1.02823659,0.505579709,1.196059447,0.907431392,0.054644063,0.097684389,1.316288925,1.452045873,1.261328963,1.257234197,0.055675957,-0.091137974,-0.138340839,0.829873642,0.311519789,-0.149808464,1.083966461,0.234172939,-0.189768697,-0.447163985,0,-0.244869136,0.04243228,-0.207974053,0.413576596,-0.072193596,1.395715879,0.454598352,0.256661199,0.471017476,-0.072131768,0.723120977,0.350456268,1.338637495,0.18014373,1.0072162,0.42703469,-0.11036425
0.74685038,0.652758909,0.553418909,-0.086796514,0.295266113,0.334955194,1.750899271,0.465711276,0.601438351,0.747611058,1.610118599,1.329775313,1.42359219,1.450624367,1.212851186,1.917867975,0.626438423,0.651730214,1.262854617,1.426290413,1.023503121,1.673756307,1.371457296,0.449036862,0.536499276,1.745981793,1.880939248,1.709875939,1.763269183,0.542957079,0.3665835,0.416417183,1.332655585,0.7639982,0.18570176,1.545254735,0.682672516,0.185589598,-0.013987529,0.559273159,0,0.551594344,0.301193612,0.958763279,0.344379498,1.92692064,0.872683349,0.685086644,0.903636451,0.421968607,1.25119592,0.886952046,1.791263694,0.634570479,1.466983712,0.939153105,0.352592399
0.295016315,0.225233375,0.128353233,-0.402495491,-0.204956674,-0.093716405,1.258281021,0.147509063,0.118929833,0.290741426,1.112819246,0.819742689,0.947253017,0.99340101,0.772925605,1.431156139,0.106594331,0.180594826,0.764198443,1.015323943,0.486404161,1.185033144,0.91163664,0.019600597,0.0760091,1.278052915,1.407260669,1.21943757,1.243985275,0.04921857,-0.132930624,-0.121716674,0.835226674,0.314139135,-0.150598939,1.071226909,0.220928479,-0.211318463,-0.444874304,0.039638992,-0.258327805,0,-0.217314914,0.402909741,-0.081276226,1.415655184,0.467112628,0.26736152,0.475465997,-0.069426166,0.71924367,0.36676214,1.336513759,0.173825211,0.985151263,0.424604666,-0.109513973
0.53971612,0.474377401,0.371170323,-0.166954746,0.046409595,0.165469063,1.511581923,0.376500951,0.397267228,0.547087967,1.3686572,1.083783493,1.184747872,1.249050221,1.013955008,1.683727839,0.372968319,0.460741695,1.004993677,1.262545865,0.765780152,1.4366762,1.149709999,0.282412775,0.32736338,1.52413324,1.657579311,1.467003328,1.497718564,0.308611531,0.139769938,0.130885181,1.079293085,0.552519134,0.082277748,1.309960111,0.477306592,0.069596816,-0.1909251,0.297477438,-0.018051099,0.292821289,0,0.678619345,0.161636941,1.652447693,0.7176114,0.510360741,0.721643665,0.183892343,0.985647609,0.615426833,1.571164735,0.454266169,1.246591235,0.673562394,0.133500679
-0.026650547,-0.113215256,-0.142802128,-0.56628216,-0.482350202,-0.321396774,0.890159084,-0.036939187,-0.11089716,-0.007800325,0.749732757,0.506367261,0.584000258,0.602602718,0.355703356,1.080480013,-0.173634626,0.030847406,0.450103757,0.62795068,0.153083366,0.810285649,0.495966542,-0.245581275,-0.290560223,0.960604476,1.088387877,0.882964134,0.869294477,-0.167766286,-0.334197634,-0.40510351,0.48814319,0.000764376,-0.356335401,0.730612914,-0.013800792,-0.423443076,-0.637267289,-0.210489468,-0.439872299,-0.221559778,-0.456916706,0,-0.355635008,1.044598655,0.13361573,-0.066788796,0.135307236,-0.430605368,0.419531455,-0.024845394,0.948024627,0.0337133,0.606557197,0.047732891,-0.453958926
0.451443908,0.37949786,0.260079294,-0.267322494,-0.016301551,0.062179509,1.398763202,0.271317093,0.331155484,0.450586737,1.246461611,0.978072436,1.106511271,1.105014505,0.843189781,1.582680513,0.313729284,0.459472914,0.960010907,1.085298067,0.678988715,1.319716185,1.007647428,0.172217034,0.169585417,1.436596608,1.577372416,1.383975294,1.402225009,0.270619715,0.102847897,0.133592745,1.006069448,0.445245111,-0.049199225,1.241368101,0.407772953,-0.051098525,-0.277426564,0.26914962,-0.135003988,0.263815472,-0.000326012,0.606523774,0,1.57190078,0.616964745,0.411984642,0.620721805,0.086924147,0.895105063,0.545207715,1.473426129,0.434374954,1.141484211,0.6152998,0.056417013
-0.86085184,-0.933725447,-0.971223028,-1.311043923,-1.354185078,-1.125977706,-0.036861056,-0.800315338,-0.862690547,-0.792615597,-0.16205659,-0.430035753,-0.347790589,-0.306420444,-0.661831719,0.171976816,-0.923568795,-0.698773953,-0.443445836,-0.308540301,-0.689837691,-0.152636737,-0.521390263,-0.995643711,-1.230261376,0.091536564,0.220783615,0.012076199,-0.104866924,-0.967429521,-1.104484038,-1.286658298,-0.409512523,-0.942342288,-1.141366908,-0.167248204,-0.833020508,-1.181427532,-1.405471532,-1.040958228,-1.165469888,-1.019198765,-1.283773221,-0.841300516,-1.20825622,0,-0.671449159,-0.909291314,-0.710819594,-1.292433934,-0.495984174,-0.905653984,-0.010394158,-0.683098236,-0.26756946,-0.821299348,-1.284729534
-0.090664208,-0.191342939,-0.216363226,-0.723445277,-0.518684867,-0.390866042,0.896012252,-0.179752716,-0.129856653,-0.035618242,0.741828571,0.498155731,0.580438393,0.577898627,0.322486891,1.081006601,-0.163111245,-0.011055082,0.433754661,0.577489215,0.179238987,0.814260776,0.478887427,-0.310609209,-0.30720291,0.955220781,1.086552912,0.899125803,0.895487653,-0.190304458,-0.357400213,-0.448275186,0.469850694,-0.03703147,-0.493927298,0.706687799,-0.059906746,-0.488696383,-0.707051163,-0.231335134,-0.608995813,-0.218905049,-0.474042425,0.048627711,-0.414226046,1.042690759,0,-0.170061925,0.043279249,-0.482626656,0.390485718,-0.030494568,0.924493124,-0.05640136,0.585246634,0.038483438,-0.509339303
0.092290746,-0.003160227,-0.036704669,-0.541561881,-0.343004202,-0.21158254,1.057601061,-0.003276863,0.04849639,0.142047577,0.917999894,0.674571169,0.747132217,0.75112041,0.48997792,1.249953402,0.013841999,0.168557706,0.604307741,0.752036022,0.365280007,0.981502037,0.641659196,-0.122765647,-0.131133656,1.112063811,1.244273157,1.052169364,1.057808799,-0.015004699,-0.173712465,-0.270354624,0.645131648,0.122074133,-0.314269094,0.873287549,0.122211364,-0.314565217,-0.525282731,-0.047056849,-0.429661612,-0.036751934,-0.302386874,0.23401298,-0.237458884,1.204154951,0.209872596,0,0.2300408,-0.290469472,0.569988155,0.15031641,1.085832342,0.143077,0.771461376,0.214824013,-0.327961273
-0.110696475,-0.217255762,-0.237911047,-0.726655483,-0.552863873,-0.40631164,0.84432686,-0.18881795,-0.158943924,-0.068588692,0.700122104,0.459450208,0.527928596,0.531880002,0.267681235,1.033703951,-0.201926057,-0.015877118,0.393065323,0.535045328,0.140254383,0.761986028,0.417622769,-0.329748383,-0.360117288,0.899460615,1.036294011,0.841844858,0.840751571,-0.209233305,-0.371852538,-0.472737375,0.430689925,-0.084412528,-0.511817332,0.666466522,-0.075276029,-0.504332725,-0.721436911,-0.248327114,-0.610392078,-0.244482008,-0.507095177,0.014261077,-0.446926878,0.99210862,0.011950011,-0.186186597,0,-0.503960874,0.355735488,-0.06415893,0.86841694,-0.049127473,0.545456314,0.003980415,-0.551016996
0.409503566,0.327265852,0.281159122,-0.18874607,-0.025701362,0.112826522,1.334228722,0.340712702,0.347214482,0.44359775,1.195039061,0.958954102,1.039350943,1.048991771,0.799024348,1.525019717,0.303301397,0.479301045,0.898288364,1.054524585,0.647805132,1.258792982,0.944398886,0.194850889,0.182287599,1.399342256,1.524216033,1.333226865,1.330805969,0.286526126,0.117764393,0.048199232,0.937699795,0.444582878,0.031462092,1.175280558,0.430695881,0.016958153,-0.198014994,0.260114,-0.066838717,0.265337751,0.010553102,0.52415354,0.076105843,1.481138235,0.538678127,0.350529774,0.55327403,0,0.84660085,0.453072695,1.384595379,0.447881792,1.064503862,0.520887548,0.004176988
-0.302347747,-0.372066963,-0.473736609,-0.919922586,-0.823577956,-0.695519899,0.607186142,-0.375233701,-0.408566332,-0.288003556,0.430973806,0.149008503,0.319057531,0.322441333,0.036922347,0.785950676,-0.445712807,-0.248749432,0.16756018,0.322050733,-0.145495552,0.506062773,0.192023399,-0.560200239,-0.658692386,0.662854937,0.805549925,0.603665264,0.56721031,-0.507614298,-0.652835803,-0.692760479,0.207166121,-0.356588496,-0.720720779,0.474138573,-0.34444608,-0.792156408,-1.017702385,-0.552313654,-0.750516975,-0.549257665,-0.792254683,-0.242268934,-0.710887118,0.728848648,-0.126728675,-0.337455879,-0.135803484,-0.722273004,0,-0.272161855,0.692478993,-0.310005486,0.349302405,-0.197650077,-0.726247413
0.030619916,-0.059998025,-0.077096873,-0.518900039,-0.428623139,-0.250103945,0.954232325,0.012444171,0.01006077,0.093267989,0.819556952,0.573071181,0.633560526,0.673012907,0.40098703,1.15191773,-0.049801834,0.134316126,0.488582634,0.685666626,0.243420984,0.867799728,0.534587772,-0.149715746,-0.20947259,1.037888039,1.167027551,0.965272027,0.930128262,-0.084760431,-0.235216458,-0.375086763,0.534160009,0.057911653,-0.298803714,0.773530534,0.066109476,-0.317849963,-0.558179043,-0.141924542,-0.383317164,-0.123581736,-0.384682705,0.096237619,-0.284893072,1.080746886,0.176346543,-0.026972964,0.178097488,-0.372166036,0.497869625,0,0.981551086,0.108455065,0.666066283,0.089942787,-0.397406742
-0.817214603,-0.909983681,-0.93419473,-1.274702161,-1.298406846,-1.060520178,-0.004946642,-0.761284738,-0.925211211,-0.840683747,-0.091412474,-0.301989804,-0.303973739,-0.275462083,-0.567610575,0.217344854,-1.050151476,-0.674530395,-0.38526294,-0.265830035,-0.62748499,-0.069870155,-0.453106219,-1.02066072,-1.178074495,0.073296099,0.199051657,-0.022131059,-0.027351938,-0.910466255,-1.093310218,-1.233442022,-0.35199632,-0.888667109,-1.108426195,-0.139640687,-0.743025498,-1.148216986,-1.330585356,-0.951474228,-1.158144421,-0.975551949,-1.23541456,-0.812645363,-1.145925948,0.168653576,-0.626012388,-0.869537904,-0.676790467,-1.255066287,-0.372600324,-0.863137021,0,-0.597840146,-0.244129105,-0.796039523,-1.273049365
0.308986771,0.240710073,0.127120435,-0.506761653,-0.203324453,-0.121229468,1.35338746,0.081777785,0.125544084,0.324823294,1.188114379,0.862526014,1.027841696,1.098714981,0.899046703,1.515340403,0.134693157,0.1015694,0.793851157,1.120180737,0.524076288,1.277825163,1.037147614,0.024609475,0.185941207,1.352259927,1.476608278,1.301975172,1.340686128,0.009205251,-0.202672619,-0.119241594,0.872209448,0.388239843,-0.195450339,1.137925297,0.186304774,-0.244286418,-0.520510991,0.008591037,-0.330518769,0.004194212,-0.215321812,0.466616022,-0.073311376,1.498858246,0.458840579,0.284940091,0.495702847,-0.034843502,0.739524037,0.414602648,1.440509699,0,1.067552842,0.480639846,-0.080011982
-0.502085578,-0.615383516,-0.62978931,-1.000519133,-0.97643977,-0.793639053,0.329114919,-0.50086435,-0.657885575,-0.557746131,0.189926027,0.006307959,0.051136407,0.037385494,-0.215860339,0.529581365,-0.780550154,-0.448827032,-0.043806816,0.055924194,-0.367468524,0.257456464,-0.066857552,-0.768366014,-0.850074346,0.422350197,0.536862445,0.331943123,0.313741557,-0.631339709,-0.844812916,-0.902934544,-0.042716272,-0.502911527,-0.827162975,0.209726363,-0.481310409,-0.895747462,-1.078495966,-0.66621948,-0.896445203,-0.711334985,-0.93402678,-0.504911354,-0.853787966,0.531063892,-0.349344167,-0.556793342,-0.372577814,-0.942159982,-0.081621623,-0.533559717,0.39340047,-0.398720437,0,-0.474456673,-0.957681518
-0.036143501,-0.131487594,-0.146350404,-0.583756205,-0.489496849,-0.306802779,0.876977309,-0.051503326,-0.08789133,-0.004845117,0.756776008,0.528091852,0.560790609,0.603545915,0.346593768,1.080248068,-0.159423461,0.040075728,0.427287598,0.61919085,0.19494478,0.80218205,0.476666473,-0.228661069,-0.276865294,0.953798208,1.083028984,0.877563008,0.861684299,-0.154676245,-0.328489428,-0.439688327,0.469074075,-0.000457613,-0.365699233,0.70311281,-0.00775876,-0.39602717,-0.613438576,-0.19485017,-0.459136029,-0.197076274,-0.458882617,0.035522878,-0.344948145,1.030232937,0.114818723,-0.094507689,0.114861581,-0.43663432,0.440294715,-0.04273195,0.918922836,0.048279097,0.59666501,0,-0.466371113
0.450783333,0.343558261,0.317839745,-0.184023038,0.007588384,0.140704447,1.400688765,0.35038425,0.38740908,0.488452256,1.264697853,1.015120261,1.082340079,1.106045861,0.856477594,1.587303796,0.354192338,0.49986256,0.944384645,1.109762178,0.692133079,1.323583064,0.997311269,0.226431622,0.222411331,1.445480603,1.583035867,1.390130342,1.400893192,0.326319,0.17105156,0.082230429,0.992318346,0.480811167,0.042584904,1.217455829,0.466841391,0.041393508,-0.184003061,0.294441439,-0.071311917,0.298138226,0.031082938,0.574977166,0.117016852,1.554578913,0.585454531,0.384945198,0.582190876,0.075283912,0.915403559,0.501830343,1.428331171,0.475304806,1.107901045,0.566034796,0
