10.48,10.44,9.06,8.28,8.12,7.96,7.34,7.16,7.12,7.52,7.69,9.24,9.78,9.56,9.5,9.28,9.36,9.8,9.55,9.55,9.52,9.68,9.64,9.96,9.98,9.06,9.3,9.54,9.39,9.43,9.38,9.02,9.04,8.86,8.38,7.89,7.54,7.4,6.99,7.25,6.38,6.33,5.7,5.52,5.42,5.32,5.92,6.44,7.21,6.65,6.37,6,5.16,5.67,5.6,4.92,5.33,5.7,5.88,6.04,5.24,3.9,2.58,3.28,2.64,2.71,2.86,3.88,3.98,2.8,3.9,3.3,3.66,5.34,4.78,5.22,5.6,6.06,6.36,6.06,5.46,5.6,5.64,4.24,3.56,4.1,4.01,4.64,4.32,4.17,3.8,4.66,4.72,5.12,4.68,4.49,3.23,4.63,3.9,4.02,3.73,3.31,3.07,3.06,3.32,3.03,3.04,3.03,2.83,2.4,2.4,2.93,2.82,3.28,3.14,3.41,4.12,4.36,4.7,5.12,6.53,6.18,7.21,6.22,5.84,5.63,-100,-100,-100,-100,5.56,5.24,5.06,4.73,4.11,4.5,4.49,5.02,4.61,5.31,5.1,4.64,4.72,4.62,4.87,4.92,5.03,4.81,4.84,4.76,4.86,4.54,4.77,4.76,4.34,4.44,4.62,4.08,4.76,5.46,5.68,5.47,5.86,5.78,5.93,6.56,7.1,7,6.86,6.44,5.64,5.16,5.16,5.49,5.66,5.8,6.14,6.06,6.2,6.24,6.11,6.11,6.1,6.2,6.26,6.14,6.3,6.41,6.68,6.74,7.09,7.31,6.92,7.01,6.82,6.7,6.54,6.18,6.16,6,5.3,4.68,4.56,4.62,5.04,4.75,3.73,4.12,3.34,3.7,3.52,4.59,5.39,7.14,7.05,7.44,7.78,7.33,7.07,7.12,7.16,7.31,7.63,7.59,7.31,6.64,6.54,6.48,6.18,5.9,4.96,5.29,4.75,3.88,4.42,4.65,4.54,4.12,3.67,3.64,3.79,3.55,3.15,2.92,3.08,3.43,2.7,2.7,2.88,3.38,3.33,3.76,4,4.09,4.64,4.49,4.44,4.88,4.62,4.78,5.38,5.71,5.98,6.16,6.53,6.92,6.59,6.49,6.74,6.7,6.86,6.97,7.07,6.76,6.62,6.42,6.54,6.76,6.78,6.69,6.75,7.23,7.38,7.87,7.3,7.43,7.63,7.54,6.93,6.98,7.22,7.16,7.39,7.46,7.4,7,6.81,6.79,6.68,6.86,6.76,6.8,7.05,6.62,6.59,6.61,6.52,6.74,6.82,7.46,7.25,7.87,8.44,8.97,8.24,7.85,7.99,8.46,8.78,8.02,7.84,7.73,7.58,7.5,7.65,7.4,7.48,7.53,7.2,7.45,7.86,7.51,6.54,5.6,5.67,6.6
10.66,10.66,9.19,8.65,8.36,8.2,7.58,7.26,7.38,7.64,7.95,9.4,10.07,9.94,9.74,9.45,9.54,10.03,9.81,9.76,9.7,9.98,9.84,10.24,10.18,9.36,9.74,9.75,9.6,9.61,9.48,9.06,9.16,8.96,8.6,8.2,7.64,7.52,7.14,7.52,6.31,6.52,5.88,5.7,5.6,5.46,6.35,6.76,7.38,6.8,6.52,6.12,5.44,6.02,5.8,5.1,5.68,6.02,6.3,6.11,5.61,3.99,2.63,3.41,2.86,2.84,3.26,4.65,4.06,2.92,3.8,3.42,3.82,4.9,4.97,5.38,5.7,6.44,6.52,6.22,5.68,5.65,5.75,4.26,3.66,4.35,4.2,4.8,4.35,4.39,4.12,4.8,4.73,5.32,4.76,4.58,3.82,4.8,3.94,4.01,3.78,3.38,3.23,3.22,3.43,3.16,3.14,3.1,2.92,2.39,2.77,2.9,3.04,3.46,3.51,3.58,4.38,4.52,4.8,5.4,5.82,5.94,7.34,6.1,6.32,6.28,-100,-100,-100,6.06,5.81,5.54,5.1,4.48,4.16,4.58,4.41,4.76,5.06,5.3,5.2,4.9,4.85,4.76,4.96,5.06,5.18,4.95,5.07,4.88,4.87,4.68,4.88,4.89,4.56,4.76,5.08,4.32,5.28,5.5,5.76,5.74,5.98,5.87,6.06,6.7,7.32,6.98,7.02,6.76,5.9,5.37,5.33,5.68,5.85,5.96,6.22,6.25,6.34,6.34,6.26,6.2,6.2,6.26,6.28,6.22,6.45,6.46,6.69,6.91,7.24,7.47,6.91,7.2,6.98,6.88,6.56,6.55,6.42,6.28,5.57,5.04,4.62,4.56,5.32,4.64,4.58,4.69,3.96,3.8,4.08,6.07,5.83,6.64,6.94,7.2,7.6,7.21,7.09,7.21,7.26,7.34,7.56,7.84,7.62,6.88,6.75,6.77,6.62,6.28,5.39,5.06,4.38,4.3,4.78,4.2,4.37,3.66,4.06,3.84,4.03,3.32,3.1,2.68,3.15,3.1,2.44,2.53,2.7,3.48,3.61,3.85,3.95,3.94,4.56,4.56,4.44,4.88,4.75,4.94,5.44,5.71,6.1,6.58,6.51,6.72,6.67,6.47,6.96,6.86,6.92,7.16,7.27,6.96,6.83,6.71,6.62,7.01,7.08,6.94,6.86,7.43,8.01,7.92,7.58,7.6,7.76,7.49,7.21,7,7.31,7.6,7.48,7.62,7.44,7.21,7.21,7.08,7.11,7.22,7.07,7.21,7.22,6.9,6.74,6.8,6.83,6.93,6.98,7.42,7.38,7.56,7.94,8.91,8.5,8.1,7.88,8.46,9.05,8.07,8.12,7.89,7.67,7.74,7.72,7.6,7.64,7.2,7.64,7.42,7.7,7.42,6.86,5.67,5.54,6.46
10.34,10.38,9.17,8.56,8.5,8.31,7.54,7.21,7.21,7.74,8.08,9.01,9.76,9.54,9.54,9.33,9.32,9.76,9.59,9.54,9.56,9.72,9.57,10.04,9.92,9.24,9.56,9.42,9.43,9.56,9.4,8.95,8.92,8.85,8.52,8.02,7.63,7.4,7.19,7.46,6.65,6.44,5.71,5.4,5.26,5.64,5.84,6.42,7.11,6.68,6.42,6.04,5.25,5.78,5.67,5.06,5.39,5.83,5.96,6.29,5.34,4.05,2.78,3.45,2.82,2.94,2.84,3.38,4.1,2.87,3.69,3.37,3.68,5.1,4.98,5.24,5.61,6.28,6.42,6.08,5.58,5.53,5.71,4.31,3.62,4.16,4.11,4.7,4.44,4.43,4.1,4.72,4.72,5.09,4.6,4.23,3.8,4.74,4.05,3.98,3.86,3.3,2.95,3.02,3.52,3.2,3.18,3.04,2.72,2.43,2.57,2.96,3.06,3.41,3.4,3.64,4.34,4.4,4.9,5.44,6.66,6.5,7.3,5.74,6.06,6.01,6.04,6.31,5.74,5.72,5.68,5.46,5.46,4.82,4.46,5.18,4.9,4.77,4.93,5.17,5.18,4.76,4.56,4.72,4.83,5.02,5.08,4.86,4.92,4.77,4.9,4.61,4.75,4.96,4.51,4.61,4.78,4.58,4.94,5.47,5.5,5.62,5.75,5.82,5.86,6.48,7.2,7,6.84,6.54,5.88,5.31,5.3,5.67,5.82,5.92,6.28,6.24,6.31,6.34,6.2,6.19,6.18,6.32,6.32,6.3,6.44,6.5,6.72,6.89,7.2,7.33,6.88,7.03,6.86,6.84,6.6,6.2,6.22,6.02,5.58,4.82,5.03,4.77,5.11,4.59,4.23,4.22,4.27,4.13,4.14,4.52,4.89,6.82,7.49,7.48,7.98,7.05,-100,7.52,7.19,7.21,7.7,7.77,7.48,6.92,6.84,6.76,6.6,6.7,6.1,5.59,5.39,4.88,4.99,4.77,5.08,3.78,3.48,4.28,3.5,3.27,3.12,3.22,3.26,2.92,3.08,2.7,3.3,3.55,3.49,3.64,4.06,4.37,4.52,4.62,4.52,4.86,4.7,4.84,5.42,5.78,6.04,6.32,6.7,7.29,7.16,6.74,6.9,6.98,6.94,7.21,7.3,6.92,6.74,6.61,6.7,6.86,6.87,6.82,6.9,7.54,7.81,7.98,7.6,7.47,7.68,7.62,7.16,7.04,7.21,7.38,7.24,7.46,7.21,6.81,7.04,7.03,7.07,7.18,7.08,7.2,7.24,6.88,6.64,6.76,6.72,6.94,6.94,7.36,7.3,8.02,8.3,9.64,8.54,7.95,8,8.59,8.97,8.29,7.94,7.78,7.59,7.71,7.57,7.42,7.41,7.48,7.51,7.46,7.68,7.72,7.03,6.6,6.18,6.78
10.74,10.7,9.26,8.63,8.56,8.34,7.62,7.28,7.34,7.66,8.23,9.34,10.04,9.89,9.84,9.57,9.55,10.11,9.79,9.67,9.67,9.94,10.04,10.32,10.34,9.32,9.8,9.6,9.82,9.55,9.46,9.05,9.05,9.06,8.59,8.36,8,7.87,7.2,7.64,6.92,6.76,6.13,5.7,5.54,5.93,5.91,6.65,7.36,6.82,6.56,6.08,5.27,5.84,5.75,5.04,5.46,5.92,6.29,6.42,5.66,4.05,2.81,3.98,3.21,3.14,3.15,4.66,4.02,2.85,3.61,3.36,3.74,4.86,4.88,5.28,5.65,6.35,6.5,6.2,5.62,5.76,5.53,4.31,3.62,4.24,4.21,5.02,4.92,4.61,4.51,5.01,4.8,5.26,5.12,4.68,4.37,4.79,4.4,4.3,3.81,3.83,3.24,3.54,3.68,3.2,3.27,3.45,3.08,2.96,3.07,3.3,3.15,3.71,3.59,3.76,4.22,4.42,4.82,5.32,5.92,6.2,6.92,6.08,6.22,6.46,6.26,6.9,5.94,6.16,5.84,5.67,5.69,5.36,5.4,5.41,5.08,5.16,5.32,5.47,5.33,5.06,5.06,5.08,5.05,5.09,5.2,4.98,5.07,4.9,4.93,4.69,4.96,5.2,5.02,5.14,5.08,5.03,5.27,5.78,5.79,5.89,6.18,5.94,6.04,6.66,7.46,7.05,7.03,6.6,5.94,5.35,5.34,5.66,5.78,5.99,6.27,6.29,6.43,6.42,6.36,6.32,6.36,6.46,6.52,6.42,6.64,6.68,7.24,6.98,7.28,7.58,7.2,7.21,7.05,6.96,6.84,6.54,6.38,6.38,6.18,5.9,5.84,5.56,5.74,5.81,5.35,5.14,5.08,5.19,5.12,5.74,5.94,6.28,6.82,7.59,8.28,7.22,-100,7.31,7.34,7.64,7.92,8.04,7.78,6.91,7.13,6.92,6.82,6.68,6.62,6.44,6.78,6.19,6.21,5.91,5.62,4.86,4.09,4.54,4.04,4,4.3,4.58,4.97,4.66,4.52,3.76,3.96,4.28,4.09,4.67,4.63,4.66,4.72,4.9,4.84,5.4,4.93,5.33,5.52,5.66,5.83,6.48,6.41,7.36,6.84,6.7,7.26,7.08,7.01,7.25,7.37,7.06,6.98,6.94,6.9,7.19,7,6.91,7.06,7.54,8.16,8.24,7.87,7.7,7.96,7.7,7.26,7.07,7.69,7.7,7.5,7.6,7.48,7.24,7.21,7.18,7.18,7.4,7.08,7.28,7.42,7.02,6.77,6.88,6.74,6.92,7,7.3,7.51,7.8,8.36,9.48,8.66,8.05,8.04,8.62,9.01,8.16,7.95,7.85,7.7,7.78,7.74,7.66,7.62,7.74,7.7,7.63,7.87,7.8,7.24,6.72,7.55,7.65
10.5,10.56,9.2,8.54,8.34,8.21,7.54,7.21,7.24,7.8,8.04,8.93,10.02,9.7,9.81,9.55,9.55,9.92,9.78,9.65,9.64,9.85,9.76,10.21,10.12,9.24,9.69,9.27,9.48,9.51,9.41,9.29,9.14,9,8.58,8.12,7.8,7.52,7.46,7.51,6.51,6.8,5.89,5.63,5.6,5.46,5.9,6.56,7.13,6.77,6.52,5.96,5.29,5.92,5.8,5.02,5.54,5.88,6.02,6.3,5.59,4.13,2.84,3.56,3.16,2.94,3.04,4.38,4.14,2.99,4.21,3.52,3.84,5.54,5.07,5.38,5.84,6.66,6.62,6.26,5.7,5.64,5.9,4.29,3.7,4.36,4.14,4.88,4.72,4.48,4.2,4.86,4.93,5.23,4.95,4.72,4.06,4.87,4.12,4.18,3.93,3.6,3.35,3.36,3.54,3.22,3.22,3.26,3.06,3.1,3.14,3.34,3.25,3.52,3.5,3.79,4.33,4.54,5,5.76,6.62,6.59,6.9,6.7,6.98,6.95,6.72,6.83,6.1,6.02,5.89,5.6,5.2,4.82,4.78,4.98,4.75,5.13,5.14,5.44,5.3,4.98,4.9,4.79,4.96,5.08,5.26,5.01,5.07,4.92,5,4.76,4.86,4.84,4.82,4.87,5.04,4.7,5.2,5.56,5.53,5.89,5.78,5.98,6.1,6.76,-100,-100,-100,-100,-100,-100,-100,6.09,5.9,6.02,6.26,6.29,6.34,6.44,6.26,6.32,6.28,6.34,6.36,6.34,6.55,6.46,6.86,7.04,7.3,7.58,7.12,7.14,7.06,6.87,6.82,6.34,6.34,6.33,5.79,5.18,4.96,4.64,5.46,4.8,4.87,4.36,4.2,4.22,4.22,5.4,5.5,6.38,6.99,7.58,8.95,7.62,7.33,7.26,7.42,7.54,7.8,7.91,7.82,7.08,6.84,6.72,6.27,5.9,5.69,5.72,5.52,4.8,5.16,5.12,4.82,4.48,3.86,4.01,4,3.7,3.4,3.78,3.55,3.88,3.24,3.24,3.68,3.76,4.04,4.15,4.41,4.69,4.72,4.75,4.6,5.04,4.81,5.08,5.53,5.92,6.21,6.47,6.97,7.58,7.06,7.03,7.16,7.14,7.21,7.47,7.4,7.06,6.78,6.72,6.16,6.78,7.1,6.84,6.85,7.31,7.87,7.92,7.56,7.76,7.63,7.58,7.16,7.08,7.28,7.54,7.27,7.4,7.26,6.94,7.08,7,6.96,7.21,6.98,7.1,7.05,6.96,6.76,6.7,6.77,7.02,7.18,7.52,7.68,8.18,8.84,9.4,8.56,8.27,8.6,9.16,9.27,8.57,8.2,7.88,7.65,7.62,7.61,7.4,7.42,6.78,7.57,7.22,7.48,7.51,6.7,6.46,6.36,6.78
10.64,10.57,9.27,8.67,8.62,8.36,7.64,7.34,7.41,8.04,8.32,9.22,10.13,9.72,9.85,9.56,9.61,10,9.86,9.69,9.76,10.04,9.85,10.21,10.26,9.5,9.94,9.72,9.61,9.66,9.57,9.24,9.24,9.11,8.82,8.34,7.78,7.66,7.54,7.7,6.45,6.52,5.67,5.54,5.5,5.78,6,6.6,7.33,6.86,6.7,6.04,5.34,5.94,5.78,5.1,5.54,5.96,6.32,6.34,5.54,4.11,2.85,3.71,3.41,2.98,3.33,3.97,4.16,2.92,3.71,3.4,3.81,5.02,4.96,5.38,5.82,6.46,6.56,6.24,5.72,5.62,5.74,4.25,3.7,4.31,4.22,4.96,4.6,4.62,4.22,4.88,5.08,5.08,4.88,4.55,4.16,4.88,4.14,4.19,3.81,3.42,3.12,3.19,3.56,3.17,3.17,3.16,2.9,2.68,2.76,2.94,3.32,3.62,3.59,3.84,4.17,4.4,4.83,5.46,7.02,7.14,7.2,6.94,6.73,7.41,6.68,7.16,6.06,5.96,6,5.8,5.63,5.25,5.25,5.39,5.18,5.3,5.32,5.58,5.22,5.09,4.95,4.88,5.06,5.12,5.14,4.92,4.99,4.9,5,4.68,5,4.95,4.81,4.92,5.08,4.82,5.3,5.5,5.64,5.78,5.82,5.92,6.04,6.61,7.3,7.06,7.02,6.64,5.86,5.36,5.31,5.66,5.79,5.96,6.26,6.28,6.39,6.42,6.28,6.36,6.3,6.43,6.4,6.38,6.56,6.56,6.88,7.04,7.38,7.86,7.19,7.3,7.12,7.06,6.85,6.52,6.5,6.26,5.88,5.28,5.24,4.82,5.5,4.6,4.58,4.31,4.98,4.24,4,5.04,5.35,6.76,6.62,7.32,8.32,7.49,7.4,7.32,7.42,7.52,7.86,7.96,7.67,7.2,7.12,7.1,6.89,6.92,6.58,5.92,6.18,5.82,5.24,5.61,5.06,4.63,3.7,4.05,3.82,3.48,3.28,3.66,3.53,3.56,3.56,3.1,3.56,4.32,3.58,4.72,4.52,4.76,4.66,4.61,4.65,5.02,4.82,4.98,5.34,5.8,6.3,6.3,6.85,7.34,7.02,6.87,7.3,7.16,7.38,7.42,7.44,7.24,7.07,6.9,6.88,7.21,7.12,7.1,7.08,7.68,8.05,8.11,7.7,7.82,7.78,7.69,7.26,7.19,7.51,7.69,7.53,7.58,7.42,7.04,7.21,7.28,7.23,7.38,7.19,7.39,7.24,7.04,6.86,6.91,6.84,7.1,7.1,7.6,7.63,8.12,8.34,8.76,8.75,8.08,8.16,8.96,9.17,8.5,8.06,8.05,7.9,7.99,7.78,7.74,7.79,7.46,7.89,7.58,7.76,7.68,7.41,7.04,6.66,7.64
10.35,10.34,9.18,8.6,8.59,8.32,7.64,7.34,7.34,7.95,7.96,8.46,9.47,9.5,9.4,9.29,9.32,9.65,9.5,9.4,9.54,9.62,9.44,9.92,10.14,9.32,9.24,9.47,9.36,9.35,9.41,9.04,9.23,8.78,8.04,7.35,6.94,6.82,6.66,6.64,5.56,5.44,5.36,5.14,4.96,5.46,5.6,6.28,7.06,6.64,6.45,5.96,5.2,5.62,5.62,4.96,5.29,5.8,5.71,6.14,5.26,4.06,2.68,3.62,2.72,2.84,2.38,2.36,4.06,3.07,3.9,3.62,3.91,5.56,4.98,5.25,5.74,6.39,6.59,6.2,5.62,5.5,5.93,4.5,3.72,4.04,4,4.67,4.32,4.32,3.92,4.46,4.59,4.38,4.64,4.18,3.49,4.53,3.94,3.96,3.85,3.27,2.88,2.69,3.34,3.06,3.1,2.88,2.72,2.01,2.15,2.48,2.89,2.72,3.18,3.36,4.23,4.48,4.96,-100,-100,-100,-100,-100,7.64,6.1,5.63,5.8,5.85,5.86,5.74,5.54,5.35,3.53,3.47,3.52,3.66,4.14,4.74,4.62,5.04,4.59,4.58,4.39,4.8,4.79,5.08,4.84,4.87,4.72,4.87,4.57,4.5,4.59,4.44,4.4,4.83,4.18,5.08,5.36,5.08,5.52,5.52,5.93,5.95,6.5,7.1,6.98,6.76,6.45,5.86,5.32,5.32,5.68,5.92,6.02,6.26,6.23,6.32,6.24,6.2,6.12,6.04,6.2,6.16,6.25,6.22,6.32,6.67,6.56,6.92,7.05,6.63,6.9,6.76,6.67,6.42,5.47,5.83,5.69,4.88,3.74,3.14,3.24,3.19,2.92,2.53,2.45,2.82,2.44,2.36,2.84,4.08,6.6,8.06,7.8,8.16,-100,7.46,7.44,7.44,7.47,7.72,7.86,7.42,6.97,6.84,6.94,6.45,5.71,4.8,4.2,3.4,2.81,3.04,3.36,3.18,2.7,2.38,2.58,2.46,2.45,1.62,1.82,1.36,0.98,1.05,1.48,2.14,2.26,2.35,2.77,3.25,3.42,3.84,4.19,4.04,4.06,4.3,4.8,5.46,5.76,6.18,6.31,6.64,7.02,6.88,6.69,7.06,7.06,7.12,7.09,7.21,6.94,6.8,6.61,6.48,6.89,6.96,6.88,6.88,7.47,7.66,7.54,7.52,7.57,7.41,7.69,7.24,7.16,6.74,7.07,7.2,7.16,7.03,6.72,6.98,6.9,7.02,7.07,7.04,7.04,7.16,6.89,6.72,6.9,6.72,6.98,6.96,7.34,7.44,7.96,8.1,9.13,8.56,8.01,8.06,8.7,9,8.36,8.02,7.89,7.76,7.82,7.74,7.62,7.62,6.88,7.36,7.08,7.52,7.46,6.88,5.25,4.51,5.14
10.23,10.22,8.95,8.34,8.31,8.04,7.29,7.08,7.06,7.58,7.87,9.12,9.7,9.55,9.4,9.22,9.26,9.73,9.44,9.36,9.39,9.7,9.5,9.88,9.87,9.08,9.64,9.44,9.4,9.35,9.26,8.88,8.84,8.79,8.38,8.02,7.43,7.3,7.14,7.36,6.36,6.28,5.58,5.33,5.26,5.44,5.69,6.3,7.02,6.59,6.16,5.94,4.98,5.62,5.42,4.78,5.2,5.6,5.7,6.04,5.14,3.67,2.42,3.3,2.8,2.65,2.48,4.06,3.61,2.5,3.24,3.04,3.36,4.38,4.56,5,5.32,6.06,6.04,5.73,5.25,5.38,5.34,3.92,3.28,3.88,3.78,4.49,4.31,4.05,4.24,4.62,4.58,4.9,4.55,4.29,4.1,4.46,3.7,3.78,3.5,3.14,2.86,3.08,3.09,2.8,2.78,2.92,2.64,2.56,2.74,3.1,3,3.15,3.27,3.56,4,4.06,4.46,5.16,5.79,5.94,6.64,5.75,6.36,6.04,6.5,5.66,6,5.83,5.54,5.44,5.35,4.82,5.2,5.15,4.8,5.04,4.92,5.32,4.91,4.79,4.8,4.81,4.74,4.78,4.9,4.62,4.66,4.62,4.67,4.36,4.73,4.81,4.56,4.69,4.88,4.76,5.08,5.38,5.62,5.64,5.8,5.56,5.78,6.41,7.26,6.8,6.75,6.36,5.62,5.08,5,5.41,5.49,5.62,5.93,5.94,6.06,6.06,5.97,5.91,5.94,6.06,6.1,6.04,6.22,6.26,6.67,6.62,7.16,7.33,6.73,6.93,6.61,6.68,6.4,6.1,6.02,5.9,5.52,5.09,5.07,4.92,5.26,5.08,4.92,4.64,4.49,4.3,4.46,5.54,5.58,6.24,6.69,6.86,7.87,6.77,6.8,7.16,6.9,6.92,7.38,7.71,7.36,6.74,6.84,6.77,6.64,6.41,6.36,6.1,6.34,5.74,5.26,5.46,4.84,3.98,3.5,4.04,3.5,3.36,3.16,3.68,4.52,3.58,3.52,2.97,3.58,3.64,3.55,4.02,4.1,4.39,4.54,4.42,4.24,4.75,4.5,4.65,5.1,5.32,5.72,6.1,6.2,6.64,6.76,6.34,6.73,6.92,6.74,7.03,7.21,6.87,6.72,6.63,6.74,6.92,6.78,6.72,6.77,7.25,7.84,7.95,7.48,7.44,7.46,7.31,6.94,6.64,7.22,7.35,7.26,7.36,7.21,7.1,6.88,6.95,6.94,7.11,6.86,7.06,7.21,6.74,6.52,6.59,6.54,6.78,6.75,7.46,7.32,7.9,7.8,8.72,8.31,7.86,7.88,8.58,9,7.94,7.84,7.63,7.52,7.68,7.54,7.47,7.46,7.43,7.43,7.34,7.71,7.51,7.21,6.62,6.52,7.36
10.06,10.22,9.24,8.7,8.66,8.43,7.6,7.26,7.3,7.85,8.25,8.96,9.4,9.4,9.26,9.16,9.2,9.44,9.34,9.28,9.38,9.55,9.34,9.93,9.84,9.07,9.08,9.28,9.29,9.2,9.27,9.02,9.12,8.82,8.17,7.68,7.44,7.06,7.12,7.21,6.36,6.05,5.64,5.53,5.22,5.69,5.74,6.25,7.01,6.65,6.36,5.92,5.24,5.4,5.44,4.98,5.19,5.54,5.44,5.82,5.16,4.17,2.82,3.36,2.91,2.82,2.66,3.72,4.12,3.18,4.74,3.88,3.98,6.24,4.9,5.26,5.78,6.37,6.44,6.08,5.5,5.4,5.76,4.69,3.72,4.03,4.04,4.58,4.09,4.33,4.16,4.53,4.73,4.78,4.66,4.26,4.09,4.56,4,3.98,3.86,3.29,2.92,2.86,3.44,3.2,3.16,2.95,2.7,2.34,2.6,2.85,3.2,3.13,3.41,3.54,4.46,4.82,5.38,6.04,7.84,7.09,7.46,6.34,6.26,5.72,5.52,5.7,5.63,5.9,5.75,5.61,5.66,4.77,4.7,5.15,4.9,5.01,5.1,5.33,5.24,4.91,4.84,4.78,4.94,4.92,5.19,4.97,4.92,4.86,5.04,4.63,4.78,5,4.72,4.83,5.01,4.93,5.2,5.6,5.62,5.74,5.86,5.92,6.02,6.58,7.22,7.21,6.9,6.44,5.86,5.43,5.42,5.8,5.92,6.05,6.24,6.22,6.26,6.26,6.2,6.12,6.18,6.27,6.27,6.2,6.3,6.26,6.51,6.79,6.84,6.98,6.84,6.8,6.64,6.63,6.36,5.98,5.9,5.7,5.32,4.96,4.43,4.68,4.83,4.38,4.45,3.91,5.06,3.94,4.15,5.36,5.26,7.56,9.12,9.44,8.59,8.06,8.2,8.17,7.7,7.33,7.82,7.68,7.27,6.88,6.94,6.92,6.9,7,6.84,5.82,5.94,5.36,5.3,5.02,4.43,3.56,3.58,3.75,3.46,3.06,3.21,3.14,3.28,3.13,3.26,2.74,3.27,3.71,3.38,3.84,4.24,4.43,4.75,4.7,4.52,4.7,4.62,4.99,5.76,6.27,6.7,6.66,8.04,8.24,6.77,6.65,6.8,6.77,6.64,6.87,7.1,6.91,6.85,6.74,6.92,7.05,6.98,7.01,7.1,7.75,7.95,8.08,7.73,7.62,7.7,7.7,7.25,7.19,7.22,7.42,7.34,7.41,7.32,6.95,7.07,7.09,7.1,7.21,7.16,7.22,7.29,6.94,6.68,6.87,6.73,6.94,6.8,7.28,7.27,7.93,7.9,10.34,8.6,7.71,7.76,8.37,8.8,8.08,7.84,7.74,7.67,7.84,7.74,7.65,7.68,7.87,7.83,7.74,7.89,7.84,7.43,6.62,6.32,7.14
10.14,10.31,9.28,8.73,8.75,8.47,7.66,7.35,7.39,7.92,8.38,8.84,9.62,9.54,9.49,9.23,9.38,9.48,9.41,9.36,9.47,9.75,9.41,9.82,9.99,9.28,9.25,9.38,9.39,9.41,9.45,9.16,9.28,8.94,8.27,7.72,7.26,6.96,7.21,7.08,6.12,5.99,5.76,5.51,5.32,5.72,5.8,6.36,7.05,6.67,6.48,5.96,5.28,5.65,5.62,5.06,5.27,5.73,5.84,5.98,5.14,4.01,2.64,3.27,2.93,2.8,2.74,3.57,4.21,3.3,4.72,3.84,4.08,6.26,5.08,5.37,5.81,6.42,6.64,6.18,5.63,5.48,5.9,4.68,3.81,4.08,4.04,4.49,4.1,4.42,4.26,4.62,4.84,4.84,4.67,4.26,4.24,4.7,3.98,3.96,3.9,3.32,3,2.92,3.37,3.12,3.2,2.98,2.78,2.3,2.56,2.78,3.3,3.13,3.36,3.68,4.75,4.76,5.44,6.19,6.64,7.26,7.28,6.2,5.92,5.75,5.59,5.86,5.84,5.96,5.85,5.65,5.7,4.41,4.4,4.96,4.6,4.96,5.15,5.1,5.2,4.86,4.85,4.64,4.9,4.95,5.18,4.97,5.02,4.78,4.96,4.67,4.7,5.04,4.8,4.82,5.06,4.84,5.3,5.61,5.55,5.69,5.73,5.98,6.1,6.63,7.23,7.2,6.88,6.6,5.86,5.46,5.37,5.76,5.98,6.08,6.29,6.24,6.28,6.22,6.11,6.12,5.96,6.16,6.18,6.16,6.24,6.32,6.46,6.92,7.02,7.24,6.81,6.92,6.68,6.78,6.38,5.88,6.05,5.78,4.99,4.66,4.38,4.48,4.59,4.16,4.16,3.91,4.84,3.7,3.75,5.18,5.26,7.74,9.54,8.54,8.54,-100,8.01,8.06,7.46,7.2,7.66,7.84,7.47,7.02,7.02,7.1,7,7.08,6.51,5.52,4.78,4.45,4.93,4.64,4.64,3.52,3.34,3.66,3.37,2.91,2.82,2.92,2.76,2.62,3,2.42,3.04,3.31,3.21,3.53,4.16,4.44,4.82,4.74,4.52,4.64,4.74,5.13,5.9,6.07,6.3,6.5,7.06,7.46,6.75,6.58,6.91,6.81,6.92,7.2,7.28,7.1,6.98,6.85,7.08,7.14,7.09,7.11,7.12,7.72,8.04,8,7.8,7.66,7.66,7.77,7.42,7.21,7.21,7.42,7.28,7.31,7.26,6.98,7.2,7.21,7.22,7.28,7.21,7.35,7.31,7.03,6.78,7,6.86,7.13,7.01,7.6,7.42,7.98,7.78,9.52,8.32,7.89,7.86,8.62,8.87,8.22,7.94,7.88,7.8,8.04,7.84,7.76,7.8,7.92,7.88,7.7,7.87,7.85,7.48,6.24,6.02,6.2
10.56,10.5,9.3,8.68,8.63,8.46,7.65,7.38,7.31,8.03,8.22,9.24,9.86,9.68,9.56,9.44,9.56,9.95,9.71,9.62,9.66,9.86,9.73,10.15,10.2,9.39,9.79,9.66,9.6,9.61,9.54,9.2,9.18,9.02,8.36,7.99,7.56,7.42,7.1,7.36,5.68,5.46,5.52,5.3,5.08,5.64,5.81,6.48,7.08,6.66,6.52,5.89,5.24,5.72,5.7,4.97,5.41,5.72,5.94,6.33,5.42,3.98,2.66,3.43,3.31,2.96,3.02,2.64,4.14,2.88,3.94,3.42,3.82,5.1,4.92,5.29,5.78,6.38,6.5,6.09,5.6,5.63,5.76,4.37,3.64,4.16,4.04,4.42,4.64,4.47,4.14,4.78,4.8,5.06,4.64,4.17,4,4.7,3.93,4,3.76,3.28,2.92,2.7,3.35,3.12,3.1,2.86,2.66,2.12,2.27,2.52,2.76,3.2,3.44,3.42,4.31,4.44,4.82,5.88,7.21,6.97,7.66,6.26,6.18,6.94,7.02,6.08,5.88,5.78,5.81,5.65,5.54,4.24,3.71,4.55,4.08,5.12,5.18,5.49,5.21,4.92,4.88,4.96,5.01,5.08,5.14,4.85,4.92,4.85,4.96,4.63,4.77,5,4.78,4.92,5.02,4.69,5.19,5.61,5.6,5.79,5.93,5.94,6.06,6.67,7.33,7.14,6.94,6.63,5.87,5.34,5.23,5.63,5.8,5.98,6.24,6.28,6.34,6.37,6.22,6.21,6.18,6.29,6.3,6.23,6.36,6.48,6.7,6.96,7.23,7.45,7.14,7.2,7.05,6.92,6.66,6.32,6.34,6.12,5.22,4.16,3.5,3.46,4.54,3.36,2.82,2.93,3.18,2.66,2.4,2.9,4.33,6.76,7.41,7.4,8.4,-100,7.21,7.3,7.46,7.54,7.85,7.97,7.48,6.94,6.89,6.96,6.66,6.58,5.3,4.22,3.7,3.08,2.94,3.34,3.46,2.84,2.05,2.02,2.56,2.57,1.66,1.56,1.36,1.11,1.24,1.5,2.05,2.12,2.56,2.88,3.34,3.92,4.6,4.52,4.36,4.81,4.74,4.96,5.49,5.88,6.21,6.44,6.7,7.4,7.2,6.8,7.2,7.22,7.02,7.34,7.4,7,6.95,6.76,6.76,7.04,6.96,6.85,6.83,7.48,8,8.07,7.76,7.7,7.74,7.73,7.22,7.04,7.44,7.45,7.44,7.46,7.4,7.2,7.13,7.04,7.16,7.27,7.09,7.21,7.3,7.1,6.82,6.84,6.75,7.06,7.08,7.38,7.6,8.29,8.56,9.82,8.63,8.14,8.22,9.08,8.99,8.72,8.1,7.88,7.73,7.82,7.72,7.72,7.7,7.12,7.56,7.5,7.83,7.73,7.2,5.86,4.82,5.46
10.26,10.28,9.19,8.62,8.34,8.23,7.46,7.17,7.02,7.75,7.95,8.77,9.64,9.52,9.47,9.24,9.34,9.64,9.52,9.4,9.47,9.73,9.56,10,9.98,9.27,9.62,9.4,9.32,9.42,9.32,9.01,9.04,8.83,8.31,7.93,7.43,7.3,7.2,7.3,5.98,5.89,5.5,5.25,5.08,5.74,5.7,6.32,6.94,6.55,6.37,5.73,5.08,5.68,5.54,4.84,5.3,5.63,5.78,6.22,5.3,3.8,2.56,3.34,2.9,2.82,2.85,2.92,4,2.72,3.62,3.36,3.62,4.84,4.68,5.12,5.53,6,6.22,5.95,5.4,5.42,5.62,4.2,3.46,4.02,3.88,4.62,4.42,4.38,4.01,4.67,4.74,4.86,4.57,4.24,3.88,4.58,3.76,3.82,3.66,3.11,2.78,2.82,3.26,2.94,2.98,2.87,2.56,2.19,2.06,2.36,2.64,3.1,3.22,3.49,3.94,4.12,4.56,5.22,8.1,7.6,7.82,6.95,6.62,6.22,6.11,5.97,5.96,5.75,5.64,5.24,5.03,4.42,4,4.79,4.44,4.98,4.94,5.24,5.02,4.74,4.66,4.59,4.79,4.84,4.96,4.72,4.81,4.7,4.77,4.44,4.65,4.56,4.41,4.47,4.68,4.3,4.72,5.22,5.34,5.66,5.64,5.7,5.82,6.48,7.21,6.92,6.8,6.41,5.62,5.12,5.07,5.45,5.63,5.76,6.06,6.04,6.13,6.18,6.02,6.01,5.98,6.13,6.12,6.16,6.25,6.34,6.62,6.78,6.99,7.26,6.82,6.96,6.72,6.68,6.54,6.14,6.12,5.9,5.36,4.82,4.12,3.78,4.88,4.28,3.75,3.42,3.58,3.06,2.88,3.11,4.23,5.59,6.24,6.66,8,-100,6.94,6.94,7.28,7.82,7.99,7.92,7.59,6.78,6.54,6.66,6.22,5.88,5.68,4.74,4.28,3.9,3.68,3.97,3.96,3.45,2.87,3.12,2.98,2.62,1.92,2.1,1.68,2.03,1.9,1.97,2.68,2.99,2.86,3.04,4.04,4.36,4.42,4.42,4.33,4.64,4.54,4.72,5.17,5.73,6.21,6.38,6.68,7.64,7.45,7.53,7.76,7.56,7.52,7.5,7.48,6.92,6.57,6.42,6.24,6.6,6.66,6.6,6.45,7.16,7.54,7.55,7.44,7.34,7.51,7.44,6.94,6.78,7.04,7.13,7.18,7.25,7.16,6.85,6.88,6.76,6.83,7.02,6.75,6.83,7,6.82,6.62,6.5,6.52,6.82,7.02,6.88,7.74,8.04,8.76,9.58,9.12,8.36,8.43,9.13,9.47,8.9,8.18,7.8,7.54,7.46,7.42,7.38,7.26,6.99,7.24,7.21,7.44,7.34,6.63,5.92,5.44,5.7
10.32,10.2,9.02,8.3,8.1,7.96,7.36,6.95,7.04,7.3,7.64,8.5,9.36,9.3,9.17,9.02,8.92,9.44,9.13,9.12,9.17,9.44,9.34,9.66,9.55,8.52,8.8,9.18,9.14,9.13,9.1,8.78,8.8,8.6,8,7.24,6.78,6.99,6.83,6.8,5.66,6.02,5.5,5.46,5.13,5.16,5.42,6.1,6.8,6.34,5.96,5.74,4.9,5.36,5.2,4.76,5.08,5.36,5.58,5.46,5.04,3.76,2.32,3.05,2.22,2.41,1.72,2.9,3.76,2.76,4.02,3.26,3.64,4.9,4.74,5.08,5.44,6.13,6.29,5.82,5.28,5.27,5.51,4.1,3.38,3.94,4.04,4.4,4.28,4.12,3.33,4.54,4.26,4.66,4.7,4.28,3.18,4.6,3.76,3.83,3.12,3.15,2.9,2.84,2.98,2.83,2.86,2.72,2.66,1.88,-100,2.77,2.62,2.99,3.24,3.12,4.19,4.23,4.7,5.22,5.48,5.6,6.87,6.46,6.34,6,5.94,5.84,5.8,5.78,5.52,5,4.4,3.32,3.21,3.7,3.73,4.2,4.18,4.73,4.93,4.39,4.46,4.24,4.59,4.64,4.89,4.67,4.68,4.6,4.7,4.26,4.44,4.72,4.3,4.4,4.64,3.8,4.54,5.35,5.1,5.55,5.68,5.72,5.82,6.36,6.9,6.79,6.54,6.08,5.54,5.1,5.11,5.49,-100,-100,-100,5.99,6,6,5.94,5.82,5.86,6.02,5.99,5.98,6.14,6.08,6.42,6.46,6.68,6.97,6.52,6.8,6.54,6.42,6.2,5.72,5.88,5.62,5.19,4.18,3.69,3.72,4.17,3.52,3.36,3.6,2.96,3.24,2.85,3.52,4.98,5.93,7.13,6.9,6.88,7.21,7.3,6.98,7.1,7.28,7.72,7.54,7.28,6.64,6.24,6.5,5.8,5.04,4.05,4.29,3.56,3.24,3.56,3.51,3.24,2.94,2.87,2.93,3.18,3,2.26,2,1.76,1.66,1.6,1.96,2.17,2.59,2.84,2.98,3.38,3.52,3.78,4.26,4.12,4.36,4.41,4.69,5.3,5.53,5.88,6.08,6.26,6.74,6.68,6.92,7.17,6.89,6.86,7.08,7.04,6.65,6.44,6.24,5.58,6.62,6.82,6.6,6.54,7.02,7.58,7.59,7.43,7.29,7.54,7.48,6.89,6.48,6.75,6.84,7.14,7.21,7.13,6.64,6.79,6.59,6.65,6.82,6.71,6.61,6.94,6.76,6.58,6.52,6.54,6.78,6.84,6.97,7.38,7.6,7.7,8.08,8.78,7.88,8.1,8.54,8.82,8.14,7.84,7.69,7.36,7.38,7.21,7.21,7.06,6.36,6.75,7.1,7.06,7.2,6.2,5.22,4.92,5.89
10.73,10.66,9.46,8.82,8.72,8.5,7.78,7.42,7.46,8.07,8.54,9.55,9.88,9.8,9.76,9.61,9.69,10.01,9.82,9.74,9.8,10.02,9.73,10.21,10.25,9.55,9.66,9.79,9.73,9.74,9.72,9.36,9.38,9.21,8.56,8.12,7.59,7.5,7.14,7.4,6.01,6.04,5.78,5.52,5.35,5.63,5.91,6.5,7.21,6.74,6.7,5.92,5.41,5.84,5.86,5.11,5.5,5.96,6.22,6.32,5.54,4.12,2.84,3.4,3.31,3,3.1,2.97,4.32,3.09,4.07,3.72,4,5.47,5,5.48,5.95,6.22,6.64,6.28,5.76,5.76,5.98,4.48,3.75,4.3,4.19,4.8,4.48,4.66,4.26,4.88,4.97,5.1,4.66,4.4,4.12,4.88,4.08,4.13,3.86,3.4,3.11,2.94,3.48,3.23,3.31,3.12,2.89,2.38,2.38,2.68,3.02,2.94,3.54,3.29,4.25,4.56,4.94,5.44,6.38,6.1,6.46,6.18,5.99,5.87,5.95,5.89,5.93,5.92,5.96,5.73,5.66,4.27,4.12,4.09,4.16,5.12,5.32,5.56,5.42,5.08,5.1,5.15,5.12,5.18,5.33,5.08,5.12,5.06,5.13,4.79,4.9,5.14,4.94,5,5.24,4.6,5.44,5.73,5.68,5.97,6.14,6.08,6.18,6.74,7.44,7.28,7.02,6.63,5.95,5.43,5.4,5.78,5.94,6.1,6.41,6.4,6.52,6.51,6.28,6.36,6.27,6.42,6.38,6.32,6.5,6.52,6.76,7.11,7.4,7.55,7.16,7.23,7.14,7.08,6.72,6.33,6.45,6.24,5.4,4.35,3.58,3.5,4.55,3.76,2.94,3.18,2.68,2.94,2.86,3.26,4.6,7.04,7.24,7.4,7.59,-100,7.26,7.24,7.42,7.45,7.84,8.06,7.61,7.05,7.13,7.2,6.78,6.82,5.25,4.56,3.87,3.34,3.14,3.31,3.65,2.56,2.29,2.66,2.92,2.48,1.84,1.62,1.66,1.28,1.46,1.34,1.83,2.55,2.7,3.08,3.64,3.93,4.5,4.66,4.57,5,4.82,5.01,5.51,6.01,6.22,6.31,6.96,7.12,7.15,7.05,7.1,7.2,7.13,7.45,7.36,7.21,7.15,6.98,6.9,7.28,7.14,7.08,7.1,7.69,8.12,8.14,7.9,7.9,7.87,7.9,7.3,7.18,7.64,7.57,7.62,7.65,7.65,7.35,7.2,7.2,7.32,7.53,7.29,7.34,7.43,7.23,7.03,7,6.94,7.21,7.26,7.66,7.76,8.4,8.22,9.08,8.58,8.18,8.2,8.95,9.22,8.79,8.19,8.06,7.86,8.02,7.92,7.86,7.86,7.08,7.78,7.62,8.01,7.9,7.26,5.64,4.93,5.44
10.64,10.64,9.47,8.85,8.48,8.44,7.71,7.39,7.22,7.99,8.12,9.04,9.78,9.74,9.7,9.55,9.6,9.95,9.78,9.67,9.78,10.02,9.88,10.34,10.28,9.5,9.78,9.7,9.55,9.64,9.62,9.36,9.39,9.25,8.76,8.42,7.99,7.86,7.6,7.63,5.93,5.88,5.78,5.55,5.44,5.96,6,6.63,7.3,6.88,6.66,6.05,5.46,5.93,5.86,5.17,5.65,5.98,6.04,6.47,5.62,4.24,2.96,3.76,3.5,3.28,3.23,2.88,4.42,3.13,4.07,3.74,4.01,5.15,5.09,5.52,5.95,6.44,6.66,6.31,5.8,5.84,6.08,4.64,3.9,4.4,4.29,5.03,4.74,4.72,4.42,5.02,5.12,5.22,5.01,4.72,4.42,5.02,4.21,4.34,4.08,3.57,3.2,3.03,3.7,3.35,3.38,3.25,2.96,2.56,2.49,2.68,3.06,3.44,3.66,3.86,4.34,4.56,4.9,5.3,5.74,5.84,5.6,6.01,5.94,5.94,6.09,5.87,6.02,6.01,5.96,5.65,5.42,4.8,4.1,4.2,4.43,5.4,5.33,5.71,5.5,5.24,5.08,5.08,5.28,5.31,5.41,5.2,5.24,5.12,5.24,4.95,5.12,5.1,4.92,4.9,5,4.63,4.86,5.57,5.78,6.02,5.96,6.12,6.18,6.81,7.48,7.28,7.21,6.7,5.99,5.51,5.48,5.84,5.98,6.16,6.39,6.42,6.52,6.53,6.44,6.4,6.37,6.5,6.55,6.52,6.62,6.71,6.93,7.12,7.24,7.61,7.18,7.21,7.16,7.02,6.87,6.47,6.5,6.38,5.84,4.41,3.98,3.64,4.82,3.74,3.06,3.45,2.86,3.11,2.72,3.06,4.1,5.68,6.6,6.78,6.9,-100,7.2,7.21,7.21,-100,-100,8.23,7.66,7.02,6.91,6.84,6.39,5.6,5.24,4.64,4.22,3.57,3.46,3.68,3.68,3.16,2.96,3.14,2.92,2.73,2.4,2.04,1.85,1.36,1.8,1.48,2.28,2.66,2.72,3.21,4.12,4.89,4.72,4.86,4.84,5.08,5.06,5.16,5.54,5.95,6.24,6.26,6.5,6.8,7.26,7.16,7.34,7.45,7.5,7.55,7.48,7.18,6.92,6.78,6.49,6.84,6.9,6.82,6.61,7.16,7.68,7.89,7.74,7.54,7.86,7.7,7.15,7.12,7.44,7.43,7.56,7.68,7.56,7.06,7.16,6.92,7.04,7.22,7,7.1,7.21,7.12,6.98,6.81,6.8,7.1,7.19,7.12,7.72,7.9,8.25,8.32,8.76,8.39,8.5,8.85,9.26,8.96,8.42,8.14,7.85,7.74,7.78,7.72,7.52,6.76,7.04,7.4,7.86,7.72,7.14,6.06,5.36,5.5
10.1,10.16,9.18,8.52,8.36,8.16,7.56,7.15,7.21,7.68,7.9,8.6,9.4,9.32,9.21,9.08,9.1,9.46,9.33,9.22,9.32,9.53,9.44,9.8,9.86,9.04,8.94,9.17,9.2,9.16,9.24,9.05,9.09,8.71,7.77,7.09,6.4,6.69,6.27,6.4,5.36,5.08,5.2,4.98,4.82,5.22,5.4,6.08,6.69,6.24,6.19,5.58,4.94,5.3,5.3,4.7,4.96,5.31,5.41,5.73,4.94,3.8,2.26,2.64,2.32,2.38,1.6,1.98,3.85,2.9,4.01,3.5,3.78,5.47,4.75,5.18,5.92,6.14,6.22,5.92,5.39,5.16,5.5,4.23,3.47,3.92,3.9,4.48,3.5,3.93,3.22,4.32,4.16,4.48,4.32,4.09,2.67,4.32,3.75,3.72,3.57,3.07,2.7,2.42,3.2,2.97,2.97,2.64,2.49,1.61,1.88,2.37,2.25,2.24,2.46,2.8,4.36,4.52,5,5.92,6.62,6.61,7.23,6.66,6.53,6.75,5.96,5.74,5.88,5.76,5.84,5.58,5.38,3.42,3.75,4,3.92,4.55,5.16,5.06,5.14,4.6,4.8,4.9,4.76,4.9,5.08,4.82,4.84,4.74,4.86,4.58,4.49,4.95,4.78,4.74,4.84,4.46,5.07,5.38,5.37,5.76,5.85,5.88,6.04,6.6,7.24,7.11,6.78,6.48,5.82,5.26,5.22,5.66,5.82,5.92,6.22,6.17,6.24,6.26,6.08,6.12,6.16,6.16,6.18,6.2,6.25,6.4,6.64,6.79,7,7.24,6.9,6.99,6.8,6.66,6.46,5.86,6.04,5.87,5.15,3.8,2.77,3.13,4.1,3.05,2.54,2.7,2.64,2.4,2.24,2.64,4.01,5.79,6.6,7.29,7.78,-100,7.21,7.2,7.24,7.22,7.74,7.85,7.44,6.87,6.88,6.85,6.32,6.16,4.74,3.7,3.26,2.72,2.56,2.74,3.16,2.44,1.72,2.24,2.52,2.25,1.36,1.36,1.36,0.61,1.24,0.94,1.64,2.25,2.46,2.74,3.36,3.64,4.18,4.31,4.09,4.44,4.48,4.81,5.34,5.93,6.25,6.26,6.92,7.21,6.93,6.78,7.21,7.04,7.1,7.2,7.24,6.91,6.82,6.6,6.42,6.88,6.99,6.92,6.91,7.46,7.73,7.82,7.6,7.58,7.66,7.72,7.2,6.98,7.3,7.44,7.27,7.27,7.21,6.94,7.02,6.93,7.02,7.2,7.04,7.05,7.2,6.98,6.82,6.84,6.77,7.06,7.04,7.1,7.54,8.32,8.58,9.62,8.44,8.04,8.32,8.78,9.11,8.64,8.09,7.86,7.74,7.75,7.74,7.63,7.64,6.93,7.34,7.36,7.6,7.7,6.98,5.16,4.74,5.2
10.32,10.41,9.41,8.92,8.92,8.66,7.85,7.54,7.56,8.2,8.5,8.86,9.62,9.55,9.46,9.36,9.44,9.56,9.53,9.46,9.55,9.85,9.55,9.96,10.1,9.36,9.24,9.38,9.29,9.31,9.34,9.14,9.22,8.86,8.44,7.74,7.15,6.91,7.12,7.12,6.2,6.06,5.94,5.62,5.45,5.78,5.95,6.48,7.14,6.77,6.6,6.04,5.4,5.69,5.66,5.17,5.36,5.72,5.76,6.16,5.23,4.26,2.86,3.57,3.1,3.05,2.98,3.82,4.33,3.48,5.54,4.01,4.34,6.62,5.21,5.43,5.97,6.48,6.66,6.32,5.78,5.68,6.06,4.83,4.04,4.26,4.26,4.7,4.22,4.58,4.48,4.91,5.02,5.02,4.89,4.56,4.42,4.88,4.2,4.2,4.12,3.55,3.26,3.19,3.7,3.36,3.43,3.22,3.06,2.67,2.97,3.02,3.54,3.34,3.55,3.84,4.94,5.08,5.64,6.52,7.38,8.01,7.88,6.52,6.08,5.92,5.76,6,6.05,6.09,6.02,5.76,5.68,4.88,4.6,5.14,4.94,5.14,5.3,5.28,5.41,5.08,4.95,4.84,5.08,5.14,5.35,5.14,5.19,5.04,5.14,4.86,4.9,5.08,4.94,4.93,5.25,4.93,5.47,5.74,5.6,5.88,5.92,6.15,6.27,6.86,7.34,7.38,6.96,6.68,6.04,5.61,5.6,5.98,6.18,6.26,6.46,6.4,6.48,6.41,6.34,6.32,6.22,6.42,6.48,6.4,6.44,6.44,6.7,7.02,7.07,7.22,7,7.05,6.87,6.92,6.56,6.14,6.14,5.91,5.29,5.04,4.56,4.78,4.78,4.61,4.64,4.16,5.26,3.78,4.26,5.92,5.49,8.69,11.29,10.64,9.4,-100,8.25,8.22,7.78,7.4,7.93,8.02,7.58,7.12,7.19,7.2,7.14,7.21,6.64,5.74,5.42,4.89,5.44,4.92,4.83,3.82,3.72,3.82,3.64,3.2,2.86,3.06,2.93,3.3,3.02,2.78,3.38,3.4,3.43,3.8,4.4,4.68,4.9,4.97,4.77,4.91,4.98,5.4,6.05,6.31,6.54,6.78,7.96,7.62,6.94,6.82,7.2,7.02,7.1,7.21,7.42,7.21,7.12,7.02,7.22,7.3,7.22,7.22,7.24,7.9,8.19,8.12,7.92,7.88,7.8,7.95,7.55,7.34,7.22,7.62,7.43,7.54,7.47,7.12,7.32,7.36,7.39,7.48,7.4,7.54,7.5,7.21,7,7.19,7.03,7.23,7.21,8.12,7.68,8.5,8.24,9.82,8.88,8.18,8.04,8.66,9.14,8.46,8.16,8.09,7.98,8.2,8.03,7.96,7.97,8.15,8.09,7.86,8.01,8.01,7.66,6.54,6.02,6.88
10.11,10.22,9,8.38,8.32,8.1,7.38,7.07,7.16,7.36,8,8.9,9.36,9.41,9.3,9.09,9.08,9.45,9.28,9.18,9.3,9.54,9.3,9.67,9.62,8.9,9.24,9.3,9.32,9.17,9.16,8.81,8.86,8.8,8.1,7.6,7.14,7.08,6.8,7.09,6.47,6.3,5.66,5.48,5.32,5.23,5.53,6.16,6.94,6.44,6.08,5.66,4.96,5.41,5.34,4.74,4.96,5.35,5.5,5.62,4.92,3.8,2.4,2.9,2.55,2.4,2.18,4.46,3.88,2.82,4.23,3.36,3.65,5.49,4.72,5.05,5.48,6.16,6.26,5.86,5.32,5.11,5.5,4.24,3.4,3.88,3.88,4.34,4,3.98,3.47,4.41,4.28,4.61,4.6,4.3,3.75,4.5,3.78,3.76,3.57,3.28,2.96,2.9,3.2,2.82,2.86,2.92,2.78,2.52,2.56,2.92,2.86,2.88,3.03,3.36,4.44,4.52,5.02,6.03,8.96,7.5,8.58,7.24,6.3,6.59,5.48,5.6,5.66,5.72,5.56,5.47,5.44,4.46,4.8,4.8,4.36,4.62,4.99,5.02,5,4.64,4.59,4.62,4.61,4.67,4.96,4.69,4.72,4.66,4.73,4.33,4.52,4.86,4.64,4.79,4.98,4.66,5.03,5.43,5.43,5.58,5.72,5.68,5.8,6.44,7.03,6.83,6.64,6.24,5.58,5.16,5.08,5.48,5.7,5.7,5.96,6.14,6.04,6,5.95,5.85,5.88,5.97,6,6,6.12,6.12,6.42,6.58,6.8,7.03,6.66,6.76,6.54,6.49,6.18,5.84,5.72,5.68,5.41,5.24,4.68,5.08,4.68,4.56,4.3,4.3,4.87,4.56,4.8,6.54,5.94,7.62,8.59,9.59,8.42,8.05,7.73,7.71,7.62,7.34,7.68,7.63,7.18,6.6,6.63,6.66,6.62,6.52,6.45,5.84,5.8,5.9,5.82,5.34,4.81,3.84,3.74,4.02,3.7,3.54,3.92,4.3,4.28,3.72,3.44,3.32,3.56,4.01,3.7,4,3.95,4.1,4.36,4.42,4.32,4.64,4.55,4.99,5.67,5.84,6.27,6.99,7.31,8.17,6.36,6.86,7.02,6.72,6.77,6.78,7.02,6.75,6.7,6.64,6.68,6.94,6.84,6.76,6.87,7.34,7.94,7.98,7.64,7.55,7.74,7.5,6.96,6.88,7.13,7.21,7.21,7.32,7.18,6.8,6.96,6.97,6.95,7.21,6.88,7.12,7.2,6.78,6.58,6.65,6.58,6.72,6.8,7.31,7.34,7.83,8.6,9.64,8.94,7.72,7.86,8.43,8.57,7.92,7.62,7.62,7.44,7.54,7.55,7.48,7.41,7.62,7.44,7.53,7.66,7.54,7.08,6.41,6.88,7.32
10.08,10.24,8.86,8.21,7.88,7.82,7.2,6.81,6.75,7.04,7.38,8.42,9.26,9.22,9.08,9.03,8.92,9.34,9.12,9.11,9.2,9.33,9.35,9.73,9.74,8.54,8.92,8.97,8.92,8.94,8.92,8.66,8.68,8.54,7.87,7.12,7.08,7.04,6.46,6.91,5.5,5.82,5.47,5.28,5.12,4.98,5.28,6.07,6.66,6.15,5.9,5.42,4.86,5.06,5.34,4.51,4.7,5.09,5.24,5.48,5.03,3.66,2.31,2.93,2.22,2.33,2.06,2.98,3.76,2.66,3.59,3.21,3.54,5.16,4.66,4.92,5.38,6.08,6.14,5.75,5.33,5.34,5.42,4.06,3.2,3.83,3.85,4.3,3.62,4,3.22,4.39,4.18,4.51,4.49,4.22,3,4.32,3.71,3.7,3.4,3.11,2.92,2.66,3,2.72,2.76,2.78,2.6,2.04,2.05,2.68,2.46,2.54,2.84,3.06,3.96,4.22,4.77,5.08,6.26,6.2,6.64,6.73,6.26,5.96,6.17,5.9,5.81,5.74,5.37,4.91,4.54,3.75,3.39,4.08,3.78,4.1,4.08,4.62,4.78,4.28,4.24,4.31,4.44,4.62,4.74,4.54,4.58,4.41,4.44,4.2,4.1,4.56,4.12,4.44,4.52,3.72,4.39,5.14,4.88,5.4,5.52,5.6,5.71,6.37,6.88,6.68,6.18,6.18,5.46,5.06,5.06,5.44,-100,-100,6.12,6.08,6,6.08,5.91,5.79,5.84,6.01,6.02,5.93,6.05,6.15,6.48,6.44,6.89,6.84,6.68,6.75,6.52,6.36,6.26,5.97,5.94,5.6,5.29,4.67,4.24,4.11,4.8,3.88,3.3,4,3.13,3.29,3.42,4.03,5.1,5.99,6.61,7.34,7.87,7.28,7.27,7.06,7.2,7.14,7.54,7.49,7.34,6.61,6.1,6.2,5.42,4.88,4.55,4.28,3.7,3.75,4.02,4.33,3.54,3.36,3.4,3.11,3.51,3.28,2.57,2.62,2.12,2.25,2.16,2.58,2.54,2.6,3.36,3.21,3.52,3.68,3.91,4.31,4.16,4.48,4.4,4.7,5.24,5.7,6.11,6.12,6.32,6.9,6.66,6.68,6.98,6.85,7.03,7.03,7.13,6.54,6.31,6.16,5.58,6.41,6.65,6.47,6.37,6.83,7.42,7.44,7.35,7.3,7.5,7.24,6.67,6.26,6.74,6.78,6.85,7.04,6.91,6.48,6.63,6.32,6.51,6.67,6.58,6.52,6.84,6.64,6.47,6.35,6.42,6.71,6.76,6.98,7.46,7.68,8.37,9.52,8.6,7.99,8.14,8.56,9.06,8.33,7.88,7.56,7.28,7.12,7.05,6.91,6.7,6.34,6.64,6.94,7.04,6.96,6.02,5.33,5.16,6.28
10.24,10.34,9.17,8.39,8.36,8.16,7.56,7.15,7.21,7.56,7.92,8.95,9.55,9.62,9.44,9.22,9.22,9.54,9.4,9.41,9.49,9.69,9.52,9.98,9.98,9.24,9.54,9.48,9.44,9.44,9.4,8.98,8.94,8.92,8.57,7.91,7.21,7.08,7.14,6.8,5.81,6.02,5.24,5.34,4.96,5.61,5.76,6.4,7.21,6.76,6.5,6.07,5.28,5.72,5.6,5.06,5.3,5.81,6.06,6.14,5.32,4,2.76,3.34,3.13,3,3,2.24,4.2,2.87,3.74,3.4,3.6,4.9,4.84,5.12,5.55,6.08,6.22,6.1,5.48,5.4,5.86,4.44,3.7,4.06,4.12,4.72,4.52,4.27,4.27,4.86,4.84,5.06,4.62,4.27,3.96,4.76,3.96,3.92,3.76,3.17,2.73,2.64,3.35,3.12,3.09,2.88,2.6,2.13,2.24,2.67,3.12,3.23,3.6,3.69,4,4.3,4.64,4.92,5.52,5.42,5.83,5.82,5.92,5.64,5.96,5.9,5.73,5.9,5.86,5.59,5.59,3.64,3.92,4.86,4.31,4.96,4.92,5.36,5.22,4.96,4.78,4.78,4.93,5.06,5.12,4.9,4.96,4.84,4.92,4.51,4.88,4.84,4.59,4.68,4.91,4.77,5.13,5.48,5.68,5.79,5.78,5.87,5.86,6.51,7.18,7.2,6.93,6.55,5.82,5.26,5.18,5.57,5.76,5.8,6.06,6.1,6.19,6.26,6.07,6.08,6.12,6.26,6.18,6.16,6.24,6.35,6.6,6.84,6.94,7.24,6.7,6.89,6.71,6.65,6.46,5.68,6.19,5.78,5.22,3.81,3.62,3.12,3.7,3.22,2.82,2.74,3.81,2.76,2.43,2.82,4.14,6.14,6.54,6.72,-100,-100,-100,-100,-100,7.55,7.56,7.71,7.36,6.97,6.92,6.92,6.82,6.74,5.24,4.38,3.72,3.07,3.34,3.52,3.82,2.59,2.56,2.9,2.73,2.66,2.16,1.96,1.58,0.95,1.19,1.36,1.94,2.42,2.54,2.87,3.35,4.27,4.54,4.58,4.34,4.14,4.56,4.74,5.35,5.45,5.82,6.06,6.2,6.5,6.52,6.66,6.66,6.79,6.74,6.99,7.08,6.84,6.8,6.69,6.74,6.89,6.88,6.85,6.81,7.28,7.78,7.8,7.56,7.46,7.6,7.57,7,7.02,7.01,7.2,7.22,7.42,7.17,6.68,6.92,6.86,6.89,6.96,6.91,6.94,7.11,6.8,6.64,6.71,6.65,6.82,6.84,7.16,7.34,7.44,7.67,8.04,8.18,7.74,7.78,8.28,8.67,8.13,7.89,7.74,7.58,7.65,7.57,7.54,7.56,7.26,7.54,7.46,7.59,7.63,6.9,5.44,5.05,5.12
10.6,10.66,9.43,8.84,8.58,8.48,7.68,7.38,7.36,7.69,8.09,9.24,10.01,9.92,9.8,9.6,9.55,10.08,9.72,9.69,9.74,9.96,9.88,10.18,10.21,9.51,9.85,9.66,9.61,9.53,9.5,9.14,9.18,9.04,8.66,8.24,7.83,7.66,7,7.43,5.97,5.73,5.7,5.5,5.27,5.44,5.95,6.69,7.35,6.88,6.59,6.18,5.3,5.8,5.77,5.08,5.41,5.93,6.26,6.38,5.51,4.05,2.77,3.57,3.14,3.02,3.12,3.9,4.1,2.96,3.73,3.46,3.73,5.02,4.93,5.32,5.68,6.4,6.63,6.22,5.66,5.7,5.79,4.37,3.65,4.24,4.2,4.86,4.17,4.46,3.96,5,4.92,5.28,4.9,4.51,4.16,4.84,4.1,4.19,3.86,3.55,3.21,2.96,3.5,3.17,3.2,3.23,2.99,2.44,2.56,2.98,3.11,3.44,3.6,3.75,4.34,4.42,4.8,5.42,7.86,7.96,8.02,7.76,6.86,6.72,6.72,7.08,6.54,6.69,6.1,5.88,5.62,4.14,4.12,5.1,4.71,5.08,5.26,5.42,5.34,5.04,5.01,5.06,5.07,5.08,5.24,5,5.09,4.88,4.96,4.7,4.9,5.15,4.96,5.07,5.2,4.72,5.2,5.7,5.69,5.87,6.06,5.96,6.06,6.7,7.37,7.1,7.21,6.72,5.89,5.36,5.32,5.67,-100,-100,6.42,6.28,6.4,6.42,6.28,6.31,6.24,6.42,6.44,6.39,6.58,6.62,6.8,7.04,7.37,7.61,7.12,7.21,7.03,7,6.74,6.54,6.44,6.3,5.69,4.72,4.04,4.74,5.42,4.38,4.64,4.56,4.26,3.5,3.54,4.22,5.88,6.64,7.21,7.64,8.66,8.4,7.48,7.21,7.28,7.51,7.82,7.94,7.79,7.04,6.88,6.98,6.68,6.51,6.05,4.93,4.1,4.98,3.86,3.72,3.66,3.3,2.79,2.82,3.39,3.21,2.36,2.02,2.35,3.1,1.92,1.77,2.46,2.88,3.3,3.54,4.04,4.19,4.6,4.72,4.7,4.98,4.84,5.02,5.45,5.78,6.18,6.36,6.7,7.42,6.98,7.21,7.54,7.15,7.22,7.39,7.38,7.19,6.98,6.92,6.87,7.14,7.05,6.98,7.02,7.5,8.14,8.1,7.88,7.79,7.94,7.68,7.21,7.06,7.6,7.57,7.56,7.68,7.53,7.21,7.21,7.21,7.21,7.46,7.18,7.36,7.48,7.1,6.88,6.86,6.82,7.06,7.18,8.04,7.82,8.17,8.85,9.94,9.4,8.38,8.4,8.93,9.3,8.5,8.18,8.08,7.92,7.9,7.82,7.72,7.72,7.54,7.62,7.53,7.82,7.82,7,5.6,5.84,7.08
10.3,10.41,9.18,8.52,8.24,8.18,7.54,7.18,7.21,7.87,7.77,8.44,9.52,9.34,9.34,9.13,9.29,9.66,9.45,9.37,9.43,9.54,9.58,10.04,10.1,9.12,9.32,9.26,9.36,9.3,9.37,9.08,9.1,8.76,8.06,7.56,7.44,7.36,7.23,7.12,5.69,5.25,5.41,5.2,5.08,5.52,5.5,6.24,6.84,6.54,6.27,5.81,5.12,5.54,5.48,4.75,5.12,5.62,5.56,5.98,5.2,3.96,2.58,3.38,2.72,2.82,2.32,2.28,4.07,2.9,3.95,3.45,3.76,5.28,4.84,5.21,5.71,6.34,6.49,6.02,5.49,5.44,5.82,4.4,3.52,4.03,4.02,4.74,4.52,4.23,3.91,4.66,4.58,4.64,4.53,4.1,3.52,4.7,3.93,3.96,3.76,3.29,2.92,2.74,3.32,3.04,3.06,2.86,2.73,2.11,2.26,2.52,2.86,2.88,3,3.46,4.18,4.4,4.85,-100,-100,-100,-100,-100,6.94,6.64,6.28,6.05,5.84,5.85,5.69,5.36,5.06,3.77,3.79,3.85,3.72,4.12,4.69,4.74,5.08,4.66,4.62,4.52,4.82,4.81,5.08,4.78,4.84,4.61,4.77,4.58,4.36,4.7,4.32,4.4,4.83,4.1,4.9,5.38,5.25,5.51,5.7,5.85,5.95,6.51,7.18,6.97,6.74,6.27,5.7,5.18,5.19,5.6,5.74,5.9,6.12,6.1,6.22,6.2,6.16,6.13,6.1,6.12,6.22,6.17,6.26,6.3,6.66,6.74,7.03,7.08,6.82,6.93,6.82,6.69,6.45,5.94,6.08,5.88,5.21,3.98,3.07,2.85,3.76,3.11,2.59,2.91,2.76,2.2,2.42,2.94,4.1,5.62,7.1,7.06,7.75,7.09,7.01,7.06,7.21,7.21,7.64,7.8,7.36,6.94,6.5,6.64,6.08,5.31,4.73,4.22,3.48,3.24,3.12,3.19,3.42,2.84,2.45,2.35,2.33,2.22,1.54,1.8,1.38,0.98,1.48,1.55,1.5,2.25,2.22,2.68,3.01,3.35,4.15,4.5,4.24,4.22,4.54,4.82,5.44,5.72,6.15,6.1,6.58,6.95,7.09,6.41,6.68,7,7.1,7.08,7.2,6.94,6.72,6.58,5.94,6.66,6.84,6.7,6.69,7.08,7.49,7.5,7.42,7.46,7.43,7.64,7.06,7.01,6.86,7.24,7.12,7.14,7.2,6.68,6.86,6.78,6.65,6.86,6.84,6.84,6.97,6.8,6.68,6.64,6.64,6.84,7,7.13,7.62,7.66,7.84,8.61,8.3,8,8.16,8.76,9.03,8.4,8.08,7.78,7.58,7.48,7.6,7.22,7.21,6.46,7.06,6.7,7.39,7.27,6.54,5.77,4.7,5.1
10.7,10.6,9.5,8.85,8.68,8.64,7.88,7.54,7.53,8.16,8.2,8.62,9.9,9.86,9.75,9.54,9.68,10.06,9.84,9.75,9.82,10.08,9.98,10.36,10.36,9.54,9.54,9.6,9.44,9.73,9.7,9.4,9.37,9.15,8.66,8.18,7.66,7.65,7.4,7.48,6.26,6.24,5.93,5.65,5.54,6.07,6.1,6.64,7.22,6.9,6.76,6.19,5.58,6.04,5.92,5.28,5.61,6.05,6.08,6.34,5.62,4.28,2.95,3.63,3.38,3.23,2.95,2.8,4.46,3.26,4.26,3.89,4.08,5.32,5.08,5.58,6.03,6.42,6.7,6.34,5.82,5.78,6.06,4.78,3.93,4.38,4.31,4.92,4.79,4.63,4.04,4.96,5.1,5.18,5,4.74,4.15,5,4.22,4.22,4.11,3.59,3.24,3.08,3.7,3.42,3.42,3.21,3.01,2.62,2.58,2.82,3.1,3.35,3.52,3.7,4.44,4.71,5.08,5.51,5.88,6.14,5.74,6.05,6.16,6.11,6.3,6.1,6.1,6,6.04,5.64,5.02,3.96,3.78,3.94,4.26,4.67,5.03,5.44,5.37,5.2,5.06,4.48,5.11,5.2,5.45,5.21,5.25,5.06,5.15,4.86,5,4.47,4.48,4.39,4.93,4.36,5.2,5.54,5.52,5.8,5.66,6.16,6.26,6.8,7.36,7.26,7.16,6.78,6.13,5.59,5.52,5.99,6.08,6.26,6.53,6.5,6.58,6.56,6.44,6.44,6.45,6.51,6.52,6.52,6.64,6.69,7.02,7.21,7.26,7.7,7.14,7.29,7.14,6.94,6.75,6.11,6.32,6.2,5.6,4.33,4.07,3.63,4.3,3.49,3.07,3.5,2.82,3.16,2.78,3.18,4.3,5.2,6.7,6.76,7.2,-100,7.43,7.43,-100,7.62,7.97,8.14,7.76,7.21,6.84,6.98,6.24,5.52,4.94,4.38,3.39,3.36,3.31,3.4,3.38,3.15,3.52,3.04,2.98,2.79,2.06,2.14,1.76,1.08,1.36,1.54,2.27,2.37,2.8,3.04,3.74,4.04,4.6,4.78,4.6,4.84,4.92,5.05,5.59,6.1,6.37,6.34,6.64,6.94,7.4,7.2,7.4,7.41,7.54,7.56,7.56,7.21,7.04,6.76,5.96,7.06,7.2,7.06,7.04,7.4,7.48,7.69,7.57,7.76,7.55,7.9,7.34,7.3,7.21,7.42,7.42,7.47,7.31,7.16,7.07,7.02,7.08,7.3,7.21,7.18,7.37,7.2,7.06,6.96,6.99,7.28,7.29,7.36,7.84,8.04,8.38,8.48,8.88,8.36,8.54,8.97,9.34,8.86,8.39,8.21,7.99,8.04,7.9,7.85,7.84,6.71,7.54,7.46,7.7,7.7,6.85,6.02,5.42,5.5
10.52,10.56,9.28,8.79,8.83,8.62,7.74,7.47,7.45,8.12,8.46,8.98,9.92,9.72,9.65,9.48,9.56,9.88,9.74,9.58,9.62,9.91,9.88,10.24,10.26,9.54,9.94,9.58,9.46,9.7,9.56,9.28,9.38,9.23,8.66,8.23,7.84,7.63,7.35,7.63,6.26,6.43,5.8,5.56,5.32,6.09,5.96,6.56,7.21,6.82,6.56,6.04,5.37,5.88,5.76,5.06,5.56,5.86,6.09,6.49,5.58,4.07,2.83,3.75,3.19,3.12,3.12,3.62,4.24,2.98,4.47,3.76,4,5.26,5.04,5.48,5.88,6.38,6.52,6.19,5.7,5.67,5.92,4.44,3.76,4.28,4.16,4.9,4.71,4.64,4.34,4.92,5.08,5.22,4.76,4.51,4.38,4.86,4.06,4.07,3.94,3.36,2.98,3.04,3.54,3.23,3.24,3.12,2.8,2.46,2.74,2.9,3.37,3.5,3.57,3.78,4.34,4.44,5.14,5.95,6.61,7.21,7.22,6.36,6.64,6.47,5.81,6.18,5.9,6.04,5.85,5.66,5.62,5.13,4.84,5.44,5.08,5.12,5.18,5.43,5.3,5.08,5.04,4.84,5.12,5.18,5.28,5.06,5.1,4.97,5.08,4.74,5.02,4.98,4.82,4.86,5.12,5.02,5.34,5.6,5.78,5.78,5.84,6.01,6.14,6.68,7.22,7.26,7.07,6.64,5.97,5.43,5.37,5.75,5.96,6.07,6.37,6.38,6.46,6.48,6.34,6.33,6.35,6.46,6.48,6.48,6.58,6.65,6.96,7.14,7.37,7.62,7.2,7.3,7.1,7,6.85,6.5,6.4,6.26,5.57,5.12,4.94,4.24,5.17,4.89,4.74,4.16,5.23,4,4.12,5.64,5.36,7.99,8.18,9.04,8.19,7.96,7.53,7.56,7.44,7.21,7.77,7.84,7.5,6.99,7.1,7.08,7.07,7.2,6.76,5.86,6.08,5.04,5.6,5.08,5.3,3.92,3.64,4.05,3.55,3.08,3.08,3.09,2.98,3.5,3.4,2.76,3.27,3.64,3.36,3.64,4.44,4.82,4.89,4.67,4.68,5.08,4.88,4.98,5.5,6.12,6.24,6.28,7.38,7.32,6.6,6.54,6.92,6.82,6.85,7.02,7.24,7.07,7,6.9,7.14,7.2,7.12,7.12,7.2,7.76,8.14,8.09,7.81,7.73,7.68,7.83,7.5,7.33,7.33,7.56,7.48,7.56,7.42,7.06,7.21,7.28,7.28,7.36,7.28,7.45,7.44,7.09,6.84,7.08,6.89,7.12,7.08,7.71,7.41,8.17,7.86,9.08,8.38,7.9,7.88,8.59,8.98,8.28,7.99,7.96,7.88,8.1,7.96,7.87,7.88,8.07,8,7.8,7.92,7.92,7.58,6.62,6.22,6.96
10.74,10.71,9.76,9.15,8.91,8.74,8.08,7.72,7.68,8.14,8.52,9.4,9.89,9.88,9.84,9.67,9.67,10.07,9.82,9.75,9.82,9.99,9.88,10.31,10.32,9.53,9.92,9.8,9.74,9.8,9.71,9.37,9.47,9.32,8.92,8.55,8.2,7.98,7.85,7.81,6.4,6.68,6.19,6.04,5.82,6.22,6.05,6.72,7.3,6.97,6.73,6.1,5.52,6.02,6.04,5.24,5.7,6.04,6.16,6.56,5.71,4.32,3.12,3.8,3.66,3.5,3.44,3.18,4.48,3.26,4.16,3.86,4.07,5.62,5.17,5.62,5.95,6.66,6.74,6.43,5.82,5.87,6.17,4.63,3.96,4.49,4.38,5.1,4.7,4.76,4.76,5.22,5.28,5.49,5.21,4.9,4.74,5.11,4.42,4.4,4.15,3.84,3.56,3.4,3.88,3.5,3.48,3.52,3.38,3.08,3.13,3.26,3.6,3.87,3.93,4.01,4.48,4.72,5,5.48,6.14,6.48,6.34,6.66,6.65,6.65,6.83,6.46,6.48,6.3,6.38,6.18,6.05,5.12,4.79,5.56,5.46,5.7,5.7,5.92,5.64,5.52,5.4,5.4,5.48,5.44,5.62,5.32,5.35,5.26,5.34,5.06,5.32,5.45,5.34,5.36,5.48,5.32,5.6,5.94,6.12,6.16,6.22,6.25,6.33,6.86,7.59,7.47,7.28,6.76,6.13,5.64,5.52,5.86,6.06,6.22,6.5,6.48,6.63,6.6,6.5,6.48,6.5,6.66,6.61,6.61,6.81,6.8,7.03,7.28,7.56,7.88,7.32,7.49,7.29,7.21,7.02,6.77,6.68,6.57,6.14,4.86,4.52,4.42,5.64,4.36,4.07,3.96,4.4,3.89,3.52,3.83,4.88,6.22,6.94,7.33,7.4,-100,7.51,7.58,7.64,7.6,8.08,8.17,7.99,7.4,7.34,7.48,7.2,7.08,6.26,5.49,5.1,4.48,4.21,4.58,4.47,3.88,3.5,3.79,3.6,3.38,2.9,2.8,2.72,2.18,2.49,2.46,3.02,3.28,3.36,3.72,4.85,5.14,5.22,5.17,5.08,5.45,5.2,5.22,5.7,6.08,6.48,6.56,6.9,7.34,7.44,7.26,7.42,7.69,7.59,7.66,7.78,7.58,7.46,7.32,7.28,7.38,7.32,7.26,7.2,7.7,8.28,8.2,8.04,8,7.98,7.98,7.58,7.42,7.58,7.74,7.68,7.79,7.68,7.4,7.46,7.32,7.54,7.67,7.46,7.49,7.64,7.49,7.24,7.21,7.16,7.32,7.29,7.46,7.85,8.02,8.52,8.72,9,8.55,8.51,8.91,9.26,9.03,8.58,8.4,8.22,8.27,8.21,8.09,8.08,7.84,8.01,7.91,8.12,8.14,7.71,6.74,5.96,6.2
9.45,9.6,8.96,8.4,8.32,8.12,7.34,7.07,7.06,7.5,7.7,8.12,8.7,8.96,8.78,8.7,8.82,8.94,8.8,8.84,8.89,8.97,8.86,9.44,9.64,8.76,8.46,8.64,8.74,8.72,8.78,8.54,8.69,8.1,7.34,6.71,6.52,6.1,6.16,6.07,5.77,5.33,5.23,5.16,4.75,5.14,5.26,5.82,6.56,6.22,5.98,5.56,5.02,5.1,5.14,4.7,4.84,5.18,4.86,5.18,4.69,3.74,2.32,2.84,2.42,2.26,1.86,2.26,3.54,2.98,3.85,3.38,3.62,5.25,4.39,4.75,5.27,5.74,5.91,5.58,5.14,4.84,5.25,4.39,3.5,3.63,3.66,4.1,3.59,3.9,3.58,3.94,4.14,3.96,4.24,3.66,3.48,4,3.61,3.5,3.44,2.9,2.63,2.48,2.95,2.69,2.7,2.62,2.42,1.94,2.08,2.44,2.79,2.36,2.38,2.78,3.96,4.16,4.58,-100,-100,-100,-100,-100,5.4,5.28,5.4,5.36,5.52,5.44,5.48,5.25,4.98,3.44,3.49,3.74,3.68,3.8,4.58,4.36,4.56,4.22,4.22,3.64,4.32,4.18,4.62,4.58,4.45,4.42,4.59,4.2,4.11,4.48,4.36,4.08,4.7,3.88,4.82,5.24,4.88,5.28,5.3,5.56,5.7,6.26,6.77,6.78,6.46,6.16,5.59,5.12,5.11,5.5,5.62,5.72,5.88,5.84,5.88,5.86,5.8,5.71,5.74,5.82,5.86,5.79,5.8,5.71,6.1,5.98,6.14,6.23,5.98,6.12,6.08,6.06,5.42,4.81,4.68,4.84,4.52,4.16,3.2,3.15,3.41,3.32,2.48,2.48,3.4,2.6,2.21,2.87,4.08,5.42,7.7,7.88,8.02,7.61,-100,7.1,7.08,7.19,7.5,7.48,7.1,6.72,6.56,6.72,6.6,6.66,5,4.21,3.47,2.85,3.07,3.34,3.12,2.86,2.82,2.51,2.64,2.62,1.58,1.98,1.24,0.99,1.2,1.55,2.08,2.03,2.53,2.69,3.14,3.28,3.87,4.21,3.9,4,3.92,4.44,5.16,5.46,5.9,6.1,6.51,6.65,6.66,6.74,6.88,6.83,6.76,6.89,6.99,6.72,6.56,6.39,6.55,6.71,6.8,6.8,6.84,7.39,7.56,7.32,7.38,7.44,7.3,7.51,7.08,6.84,6.42,6.98,6.88,6.8,6.72,6.56,6.7,6.63,6.77,6.92,6.86,6.86,6.91,6.74,6.54,6.63,6.52,6.74,6.68,6.92,7.2,7.71,7.92,8.81,8.82,7.84,7.74,8.12,8.65,8.11,7.66,7.6,7.5,7.6,7.5,7.35,7.4,7.48,7.5,6.92,7.31,7.34,6.72,5.38,4.62,5.16
9.5,9.73,8.82,8.4,8.32,8.1,7.34,7.01,7.06,7.44,7.76,8.21,8.87,8.91,8.86,8.72,8.82,8.84,8.84,8.84,8.97,9.18,8.86,9.34,9.53,8.76,8.58,8.78,8.87,8.87,8.88,8.66,8.9,8.43,7.58,6.75,6.39,5.97,5.93,6.04,5.59,5.11,5.12,4.96,4.68,5,5.32,5.85,6.5,6.17,6,5.6,4.88,5.12,5.2,4.67,4.81,5.1,5.08,5.08,4.42,3.68,2.16,2.7,2.32,2.13,1.9,2.39,3.63,2.98,4.32,3.5,3.77,5.39,4.58,4.85,5.55,5.92,6.06,5.78,5.16,4.98,5.44,4.3,3.37,3.56,3.62,4.02,3.38,3.83,3.23,3.84,4.09,4.14,4.11,3.71,3.14,4.28,3.59,3.52,3.44,2.94,2.65,2.45,2.9,2.7,2.76,2.58,2.41,1.9,2.09,2.4,2.43,2.4,2.62,2.9,4.14,4.4,4.98,-100,-100,-100,-100,-100,5.23,5.49,5.37,5.34,5.54,5.52,5.4,5.1,4.88,3.39,3.4,3.76,3.56,3.95,4.56,4.54,4.62,4.28,4.2,4.14,4.27,4.36,4.68,4.52,4.44,4.37,4.58,4.16,4.15,4.34,4.26,4.16,4.58,3.88,4.92,5.08,4.89,5.22,5.3,5.52,5.74,6.18,6.68,6.66,6.28,6.1,5.52,5.09,5.08,5.44,5.57,5.74,5.92,5.86,5.82,5.72,5.66,5.63,5.51,5.67,5.68,5.66,5.58,5.56,5.96,5.96,6.06,6.31,5.9,6.06,6.02,6.18,5.36,4.74,4.64,4.89,4.26,3.72,3.02,2.69,3.2,2.76,2.57,2.3,3.28,2.5,2.12,3.12,4.16,5.92,7.88,8.03,8.72,-100,7.44,7.43,7.44,7.2,7.64,7.64,7.16,6.72,6.53,6.7,6.46,6.57,5.08,4.24,3.38,2.68,2.96,3.06,3.2,2.32,1.92,2.28,2.42,2.38,1.52,1.84,1.3,0.82,1.1,1.38,1.9,2.08,2.4,2.66,3.19,3.35,3.8,4.17,3.94,3.9,3.96,4.67,5.4,6.02,6.38,6.46,7.4,7.3,6.92,6.66,6.92,6.74,6.8,6.95,6.98,6.68,6.54,6.39,6.53,6.76,6.77,6.73,6.73,7.38,7.57,7.4,7.38,7.42,7.18,7.45,7.02,6.72,6.54,6.92,6.76,6.7,6.79,6.42,6.7,6.7,6.85,6.92,6.84,6.84,6.94,6.72,6.53,6.64,6.51,6.78,6.81,7.21,7.3,8.06,8.02,9.1,8.43,7.92,7.76,8.28,8.75,8.2,7.76,7.63,7.42,7.56,7.42,7.33,7.31,7.31,7.48,6.98,7.18,7.26,6.66,5.14,4.65,5.34
9.95,9.98,9.2,8.67,8.58,8.32,7.62,7.26,7.34,7.82,7.93,8.39,9.12,9.22,9.12,8.97,9.08,9.36,9.12,9.14,9.24,9.36,9.2,9.72,10.03,9.1,8.87,9.09,9.08,8.96,9.12,8.87,9.08,8.54,7.8,6.97,6.69,6.22,6.29,6.38,5.88,5.67,5.4,5.38,4.97,5.4,5.54,6.14,6.88,6.54,6.34,5.9,5.24,5.58,5.5,5,5.2,5.53,5.45,5.56,5.04,4.04,2.57,3.15,2.82,2.46,2.16,2.46,3.9,3.21,4.24,3.67,3.94,5.71,4.84,5.16,5.62,6.34,6.5,6.05,5.54,5.21,5.71,4.61,3.74,3.92,3.97,4.59,3.88,4.19,3.71,4.23,4.58,4.34,4.56,3.88,3.76,4.54,3.9,3.82,3.78,3.14,2.88,2.66,3.2,3,3.04,2.86,2.65,2.14,2.27,2.56,2.96,2.54,2.67,3.12,4.3,4.52,5.06,-100,-100,-100,-100,-100,5.74,5.62,5.66,5.65,5.8,5.8,5.77,5.55,5.26,3.46,3.48,3.58,3.64,3.76,4.45,4.58,4.76,4.36,4.43,3.84,4.53,4.47,4.85,4.78,4.7,4.58,4.8,4.42,4.28,4.26,4.18,4.07,4.76,4.08,5.08,5.33,4.97,5.35,5.4,5.75,5.89,6.4,6.98,6.94,6.62,6.4,5.78,5.33,5.29,5.67,5.88,5.92,6.14,6.15,6.1,6.1,6.04,5.97,5.98,6.09,6.09,6.02,5.98,5.84,6.41,6.22,6.39,6.42,6.11,6.45,6.42,6.3,5.76,4.78,4.8,5.08,4.44,3.92,3.44,3.21,3.52,3.12,2.6,2.6,3.16,2.64,2.38,2.96,4.3,6.88,8.87,8.52,8.88,7.9,7.43,7.46,7.39,7.48,7.89,7.88,7.42,7.02,6.84,6.96,6.9,7,5.1,4.4,3.59,2.96,3.26,3.38,3.26,2.79,2.53,2.62,2.66,2.68,2.02,2.12,1.5,1.23,1.24,1.73,2.26,2.3,2.59,2.99,3.26,3.39,4.02,4.37,4.02,4.11,4.06,4.71,5.36,5.76,6.2,6.36,6.8,7.04,7.02,6.98,7.11,7.06,7.04,7.17,7.21,6.94,6.82,6.56,6.76,6.98,7.04,7,7.07,7.68,7.78,7.52,7.45,7.66,7.23,7.74,7.29,7.2,6.76,7.11,7.18,7.04,7.02,6.76,6.9,6.92,7.1,7.1,7.18,7.13,7.17,6.98,6.76,6.92,6.82,7.02,6.97,7.46,7.4,8.22,8.33,8.98,8.92,8.26,8.04,8.48,8.99,8.38,7.98,7.86,7.75,7.87,7.76,7.68,7.72,7.82,7.8,7.21,7.56,7.63,7.21,5.4,4.97,5.36
10.22,10.34,9.2,8.67,8.26,8.18,7.6,7.26,7.24,7.71,7.76,8.42,9.44,9.4,9.35,9.2,9.16,9.68,9.36,9.35,9.39,9.54,9.41,10,9.94,9.08,9.07,9.1,9.12,9.3,9.34,9.08,9.26,8.82,8.06,7.35,7.32,7.16,6.93,7,5.64,5.31,5.42,5.13,5.04,5.37,5.45,6.14,6.92,6.31,6.24,5.76,5.13,5.3,5.45,4.79,5.13,5.55,5.16,5.92,5.22,4.03,2.62,3.35,2.6,2.78,2.46,2.34,4.07,3.01,3.9,3.52,3.87,5.89,4.86,5.24,5.84,6.57,6.62,6.16,5.51,5.48,5.95,4.46,3.49,4.06,3.94,4.62,4.19,4.24,3.76,4.56,4.58,4.48,4.64,4.27,3.46,4.6,3.93,3.95,3.8,3.18,2.9,2.64,3.32,3.06,3.06,2.84,2.66,2.02,2.24,2.49,2.6,2.73,3.02,3.4,4.3,4.32,4.93,-100,-100,-100,-100,-100,6.84,6.92,6.57,6.13,6.01,5.94,5.85,5.5,5.08,3.59,3.72,3.74,3.7,4.1,4.72,4.75,5.14,4.62,4.64,4.56,4.84,4.82,5.1,4.85,4.87,4.72,4.92,4.64,4.42,4.74,4.37,4.18,4.79,4.17,4.93,5.5,5.21,5.6,5.58,5.93,6.04,6.64,7.21,7.07,6.55,6.18,5.78,5.32,5.3,5.7,5.86,6.02,6.24,6.16,6.32,6.3,6.12,6.08,6.1,6.19,6.2,6.23,6.27,6.26,6.7,6.59,6.9,7.14,6.82,6.87,6.85,6.65,6.46,5.69,5.99,5.88,5.03,3.78,3.13,2.92,3.44,2.99,2.58,2.67,2.84,2.37,2.42,2.83,4.2,5.62,7.2,7.31,8.34,7.72,7.38,7.38,7.62,7.44,7.84,7.93,7.48,6.98,6.62,6.78,5.86,5.08,4.81,3.94,3.42,2.98,3.02,3.24,3.24,2.44,2.4,2.53,2.4,2.34,1.68,1.66,1.36,0.98,1.3,1.36,1.4,2.38,2.38,2.84,3,3.48,3.86,4.4,4.32,4.22,4.52,4.96,5.52,6.02,6.39,6.4,6.89,7.22,7.14,6.74,7.2,7.04,7.2,7.21,7.3,7.01,6.78,6.6,5.91,6.72,6.92,6.67,6.74,6.87,7.55,7.34,7.46,7.54,7.56,7.65,7.18,6.85,6.8,6.89,7.04,7.05,7.06,6.66,6.79,6.76,6.7,6.98,6.95,6.82,7.09,6.9,6.76,6.79,6.7,6.96,7.02,7.2,7.63,7.94,8.34,9.14,8.59,8.12,8.14,8.91,9.04,8.58,8.24,7.89,7.64,7.34,7.63,7.27,7.23,6.26,6.8,6.78,7.5,7.27,6.26,5.36,4.54,5.11
10.38,10.49,9.16,8.59,8.38,8.22,7.45,7.1,7.26,7.8,7.86,9.25,9.73,9.55,9.53,9.28,9.3,9.76,9.5,9.55,9.54,9.82,9.7,10.1,9.97,9.18,9.6,9.54,9.54,9.58,9.53,9.16,9.2,9.11,8.59,8.08,7.39,7.3,7.21,7.54,6.57,6.24,5.76,5.49,5.45,5.52,5.72,6.39,7.05,6.57,6.26,5.94,5.11,5.64,5.6,4.92,5.38,5.62,5.84,6.1,5.24,3.94,2.72,3.44,2.78,2.72,2.68,3.84,3.96,2.82,3.84,3.43,3.69,5.03,4.98,5.35,5.7,6.52,6.58,6.1,5.52,5.52,5.7,4.24,3.53,4.1,4.04,4.64,4.48,4.3,4.12,4.76,4.78,5.08,4.74,4.51,3.98,4.67,4,3.96,3.73,3.29,3.12,3.11,3.3,3.1,3.14,3.02,2.86,2.56,2.78,3.2,3.01,3.26,3.41,3.72,4.28,4.38,4.88,5.62,-100,-100,8.12,7.44,6.96,7.21,6.36,7.2,6.41,6.36,5.76,5.52,5.03,4.69,4.85,5.04,4.39,5.08,4.87,5.42,5.22,4.88,4.72,4.76,4.87,4.98,5.1,4.85,4.9,4.82,4.87,4.55,4.87,4.76,4.48,4.61,4.91,4.48,5.21,5.36,5.66,5.76,5.95,5.86,6.02,6.64,7.3,7.03,6.84,6.45,5.72,5.24,5.29,5.62,5.76,5.91,6.18,6.2,6.26,6.26,6.13,6.16,6.12,6.19,6.32,6.17,6.36,6.44,6.8,6.88,7.16,7.4,6.86,7.11,6.82,6.78,6.54,6.09,6.2,5.92,5.89,5.16,5.02,4.84,5.28,5.07,4.72,4.79,4.74,4.08,4.22,5.08,5.87,7.09,8.19,7.97,9.08,7.92,7.69,7.58,7.41,7.88,8.08,8.07,7.62,7.02,6.74,6.86,6.54,6.44,5.72,5.82,5.82,5.1,4.88,5.32,4.95,4.04,3.47,4.08,3.64,3.57,3.38,3.96,4.13,3.96,3.3,3.27,3.4,3.68,3.9,3.92,4.1,4.38,4.57,4.5,4.54,4.92,4.76,4.95,5.42,5.86,6.32,6.66,7,7.96,7.26,7.08,7.44,7.42,7.21,7.3,7.39,6.98,6.8,6.6,6.68,6.96,6.92,6.86,7.03,7.4,7.9,7.84,7.54,7.6,7.58,7.58,7.14,6.86,7.21,7.36,7.34,7.36,7.33,7.11,7,7.08,7.02,7.2,6.96,7.09,7.14,6.86,6.72,6.66,6.7,6.86,7.06,7.66,7.43,8.08,9.68,9.64,9.48,8.22,8.02,8.74,9.06,8.37,7.93,7.86,7.62,7.66,7.56,7.47,7.58,7.16,7.66,7.28,7.54,7.46,6.91,6.55,6.52,7.61
10.48,10.64,9.24,8.56,8.34,8.2,7.48,7.15,7.21,7.5,8,9.22,9.64,9.85,9.7,9.51,9.5,9.84,9.68,9.57,9.67,9.94,9.48,9.87,10.04,9.45,9.75,9.72,9.72,9.6,9.51,9.18,9.21,9.12,8.59,8.14,7.21,6.98,7.02,7.54,6.6,6.3,5.73,5.5,5.41,5.48,5.92,6.52,7.3,7.01,6.64,6.22,5.48,5.9,5.87,5.32,5.39,5.84,6.22,5.9,5.22,4.32,2.82,3.28,3.18,2.7,2.52,4.48,4.36,3.1,4.34,3.76,3.86,5.8,5.1,5.45,5.74,7.22,6.92,6.33,5.81,5.54,5.96,4.62,3.87,4.32,4.22,4.52,4.08,4.23,4.29,4.78,4.56,4.84,4.6,4.44,4.26,4.97,4.1,4.04,3.96,3.48,3.12,3.12,3.53,3.24,3.2,3.14,3.02,2.73,2.92,3.18,3.02,3.38,3.59,3.8,4.7,4.78,5.35,6.3,7.22,7.21,8.54,7.38,6.72,7.36,6.66,7.25,6.39,6.3,5.8,5.56,5.62,4.2,4.99,5.3,4.84,5.14,5.14,5.52,5.35,5.08,5,5.02,5.03,5.04,5.3,5.14,5.1,4.98,5.02,4.74,5.03,5.16,4.9,5.15,5.09,4.86,5.1,5.67,5.8,5.84,6.16,6.08,6.04,6.68,7.34,7.15,7.21,6.82,6.12,5.62,5.55,5.94,6.01,6.2,6.42,6.4,6.36,6.38,6.24,6.28,6.15,6.21,6.26,6.24,6.28,6.34,6.55,7.02,7.28,7.32,6.9,7.21,6.96,6.88,6.42,6.13,6.17,5.8,5.27,5.27,4.58,5.07,4.7,4.14,5.1,4.29,4.67,4.36,4.76,5.72,6.12,7.76,9.55,9.55,9.55,7.38,7.7,7.75,7.46,7.68,7.92,7.87,7.64,6.76,6.99,6.76,6.53,6.48,6.39,6.25,6.19,5.91,5.88,5.5,4.68,3.94,3.94,4,3.88,3.71,4.08,4.12,4.89,3.78,3.2,3.53,3.77,4.15,3.96,4.31,4.4,4.56,4.68,4.77,4.62,4.83,4.85,5.32,5.9,6.01,6.69,6.96,6.98,7.6,6.93,6.82,7.24,7.02,6.96,7.22,7.21,6.88,6.84,6.8,6.6,6.96,6.95,6.8,6.88,7.34,8.02,8.14,7.76,7.64,7.86,7.62,7.02,7.05,7.56,7.43,7.51,7.62,7.41,7.2,7.1,6.98,7.02,7.28,6.92,7.21,7.38,6.92,6.68,6.72,6.68,6.9,6.98,7.7,7.65,8.07,8.52,10.33,8.97,7.92,8.04,8.64,9,8.09,7.86,7.77,7.53,7.53,7.6,7.48,7.46,7.46,7.55,7.58,7.86,7.74,7.07,6.5,7.06,7.44
10.44,10.53,9.05,8.47,8.24,8.1,7.46,7.2,7.2,7.71,7.72,8.72,9.55,9.72,9.7,9.53,9.64,9.9,9.55,9.5,9.56,9.89,9.35,10.02,9.85,8.94,9.67,9.2,9.36,9.59,9.42,9.1,9.19,8.88,8.54,8.12,7.62,7.52,7.12,7.36,6.34,6.44,5.9,5.59,5.54,5.48,5.85,6.56,7.1,6.82,6.61,6.04,5.41,5.74,5.78,5.04,5.55,5.77,5.98,6.28,5.46,4.09,2.92,3.54,3,2.84,2.77,4.86,4.2,2.93,3.8,3.64,3.88,5.08,5.05,5.36,5.82,6.38,6.49,6.18,5.68,5.58,5.86,4.38,3.84,4.33,4.17,5.02,4.44,4.51,3.78,4.66,5.09,5.09,4.97,4.73,3.18,4.98,4.1,4.23,3.96,3.52,3.5,3.18,3.52,3.18,3.26,3.25,3.48,2.88,3.96,3.34,3.1,3.68,3.52,3.89,4.37,4.5,5.26,5.9,7.02,6.37,7.6,7.33,7.19,6.96,6.3,5.7,5.72,5.59,5.48,5.01,4.58,4.34,3.82,4.28,4.6,4.56,4.66,5.14,5.3,4.9,4.67,4.74,5.18,5.18,5.26,5.08,5.1,5.13,4.98,4.76,4.82,4.42,4.06,4.08,4.61,4.52,4.69,5.18,5.42,5.35,5.56,6.06,6.03,6.64,-100,-100,-100,-100,-100,-100,-100,6.04,5.86,6.02,6.37,6.28,6.4,6.34,6.29,6.25,6.23,6.36,6.3,6.38,6.51,6.56,6.82,7,7.2,7.46,7,7.06,7.02,6.96,6.64,6.18,6.36,6.29,6.33,5.97,4.93,4.98,5.14,5.26,4.16,4.4,3.42,4.8,4.7,6.5,5.82,6.95,7.32,7.98,8.94,8.12,7.68,7.38,7.58,7.73,7.97,7.86,7.44,6.81,6.47,6.54,5.64,5.25,5.07,5.2,4.7,4.46,5.18,5.22,4.48,4.51,3.92,3.96,4.12,4.08,3.86,4.08,3.12,3.92,3.18,4,4.4,3.8,4.65,4.04,4.64,4.76,4.53,4.73,4.7,5.08,4.89,5.04,5.7,6.02,6.48,6.97,7.22,7.61,7.32,6.85,7.38,7.44,7.21,7.28,7.22,6.71,6.37,6.22,5.87,6.41,6.86,6.68,6.65,7.12,7.49,7.57,7.2,7.54,7.52,7.7,6.98,6.75,6.83,7.12,7.21,7.22,7.18,6.8,6.76,6.72,6.69,6.84,6.74,6.76,6.9,6.7,6.68,6.63,6.64,6.88,7.18,7.6,7.46,8.33,8.43,8.7,8.98,8.2,8.16,8.88,9.12,8.63,7.99,7.79,7.53,7.4,7.39,7.36,7.2,6.73,7.04,7.4,7.23,7.2,6.34,5.84,5.92,6.56
10.46,10.4,8.98,8.34,8.08,8,7.3,7.03,6.91,7.22,7.54,8.9,9.76,9.69,9.59,9.3,9.28,9.75,9.6,9.42,9.49,9.77,9.28,9.68,9.56,9.2,9.61,9.63,9.49,9.36,9.32,8.74,8.86,8.78,8.58,7.9,7.21,7.12,6.68,7.29,5.73,5.62,5.39,5.26,5.15,5.18,5.94,6.26,7.26,6.74,6.37,6.02,5.25,5.84,5.57,4.94,5.32,5.9,5.89,6.06,5.09,3.74,2.42,3.1,2.78,2.44,2.77,3.29,3.76,2.72,3.43,3.24,3.56,4.77,4.78,5.1,5.42,6.35,6.4,6.02,5.44,5.35,5.65,4.14,3.52,4.14,3.97,4.6,3.74,4.16,3.8,4.69,4.68,5.06,4.61,4.28,3.54,4.68,3.74,3.75,3.6,3.06,2.82,2.69,3.23,2.92,3.04,2.88,2.72,1.97,2.2,2.7,2.64,3.3,3.4,3.37,4.16,4.34,4.66,5.74,6.46,6.35,7.48,6.48,6.22,6.96,6.71,6.57,6.02,6.06,5.66,5.21,4.38,2.92,3.66,3.48,3.78,4.41,4.56,5.16,5.06,4.71,4.73,4.54,4.79,4.84,4.99,4.77,4.93,4.69,4.77,4.47,4.82,4.95,4.44,4.88,4.76,3.9,4.96,5.41,5.62,5.78,5.89,5.84,5.9,6.5,7.12,6.86,6.96,6.35,5.72,5.28,5.16,5.5,-100,-100,-100,6.13,6.16,6.17,5.99,6.02,5.94,6,6.06,6,6.08,6.13,6.42,6.82,7.14,7.34,6.87,7.08,6.78,6.7,6.53,6.2,6.16,5.97,5.03,4.28,3.92,3.8,4.3,3.81,3.8,3.79,3.23,3.27,3.23,4,4.89,6.7,7.2,7.54,8.54,7.36,7.28,7.24,7.16,7.34,7.6,7.55,7.63,6.66,6.5,6.48,5.94,4.67,4.52,4.67,3.86,3.86,3.96,3.9,3.56,3.08,2.85,2.93,3.32,3.04,2.42,2.44,2.06,1.96,2.01,2.02,2.33,2.74,3.02,3.2,3.68,3.66,4.14,4.26,4.16,4.18,4.49,4.78,5.23,5.48,5.82,6.1,6.15,6.72,6.94,6.77,7.04,6.88,6.99,7.22,7.32,6.77,6.74,6.6,5.76,6.74,6.78,6.58,6.38,6.91,7.84,7.98,7.62,7.46,7.81,7.52,6.82,6.91,7.21,7.3,7.38,7.44,7.21,6.86,6.88,6.74,6.74,6.99,6.74,6.92,7.21,6.8,6.61,6.55,6.59,6.78,6.88,7.8,7.49,8.06,8.56,8.66,8.35,7.96,8.28,9.02,9.05,8.18,7.94,7.76,7.49,7.39,7.32,7.14,7.18,6.46,7.04,7.21,7.37,7.62,6.16,5.24,5,5.98
10.3,10.37,9.44,8.79,8.51,8.42,7.76,7.34,7.3,7.82,8.06,8.77,9.58,9.5,9.42,9.3,9.43,9.75,9.57,9.53,9.56,9.8,9.66,10.1,10,9.2,9.47,9.47,9.34,9.33,9.39,9.26,9.43,9.06,8.42,7.95,7.62,7.63,7.33,7.44,6.48,6.29,5.74,5.48,5.37,5.7,5.74,6.4,6.94,6.64,6.48,5.9,5.18,5.62,5.6,5,5.46,5.6,5.7,6.1,5.44,4.02,2.77,3.49,3.06,3.06,2.88,3.15,4.12,3.14,4.21,3.8,3.96,5.14,4.88,5.38,5.96,6.28,6.48,6.12,5.62,5.61,5.88,4.58,3.78,4.24,4.2,4.8,4.7,4.58,4.02,4.75,4.74,4.98,4.79,4.5,3.98,4.78,4.04,4.08,3.92,3.36,3,3.01,3.51,3.22,3.24,3.14,2.87,2.65,2.58,2.83,3.02,3.22,3.32,3.56,4.43,4.58,5,5.65,6.18,6.3,5.7,6.05,6.02,5.88,6.02,5.8,6.13,6.14,5.82,5.29,5.17,4.9,4.42,4.8,4.72,4.91,5.03,5.24,5.23,4.85,4.73,4.56,4.94,5.02,5.24,4.98,5.02,4.86,5.05,4.64,4.72,4.72,4.55,4.54,4.72,4.46,4.94,5.36,5.4,5.7,5.76,5.96,6.18,6.73,7.27,7.22,6.89,6.52,5.86,5.34,5.28,5.78,5.8,5.96,6.25,6.26,6.35,6.36,6.22,6.22,6.22,6.34,6.3,6.31,6.46,6.49,6.78,6.92,7.12,7.35,7,7.04,6.9,6.8,6.63,6.14,6.26,6.06,5.53,5.1,4.94,4.36,5.19,4.6,4.05,4.04,4.27,3.8,3.5,3.96,4.87,5.69,6.62,6.94,7.28,-100,7.75,7.73,8.06,8.32,8.47,8.15,7.9,7.08,6.82,6.96,6.42,6.44,6.14,5.47,5.08,4.24,4.44,4.84,5.08,3.94,3.62,3.93,3.5,3.21,2.84,2.81,2.42,2.82,2.89,2.67,3.2,3.38,3.38,3.64,4.24,4.5,4.6,4.67,4.59,5.05,4.74,4.92,5.53,6.25,6.56,6.86,7.21,7.62,7.86,7.67,7.99,7.8,7.79,7.59,7.61,7.1,6.8,6.5,6.36,6.71,6.92,6.8,6.82,7.46,7.58,7.62,7.49,7.54,7.46,7.67,7.17,6.84,7.14,7.24,7.21,7.26,7.21,6.9,7.02,6.88,6.98,7.1,6.94,7.06,7.11,7.02,6.86,6.78,6.74,7.08,7.2,7.21,7.8,8.16,8.62,8.45,9.22,8.6,8.7,8.93,9.52,9.22,8.4,8.14,7.86,7.72,7.63,7.56,7.51,7.38,7.6,7.54,7.55,7.56,7.12,6.57,5.95,6.44
10.42,10.49,9.27,8.7,8.63,8.5,7.71,7.38,7.22,7.78,8.73,9.42,9.92,9.76,9.7,9.57,9.56,9.89,9.7,9.56,9.66,9.92,9.84,10.16,10.24,9.42,9.93,9.66,9.62,9.6,9.48,9.08,9.06,9.06,8.6,8.28,7.82,7.66,7.46,7.62,7.3,6.49,5.84,5.56,5.88,6.14,5.92,6.55,7.24,6.76,6.47,6.1,5.27,5.99,5.78,5.04,5.56,5.9,6.2,6.54,5.5,3.98,2.77,3.64,3.3,3.14,3.2,3.88,4.04,2.78,3.68,3.32,3.66,5.05,4.8,5.23,5.58,6.26,6.4,6.09,5.49,5.58,5.78,4.28,3.64,4.2,4.14,4.84,4.73,4.62,4.41,4.87,5.04,5.2,4.82,4.82,4.28,4.82,3.98,4.06,3.82,3.3,3.34,3.12,3.48,3.15,3.14,3.08,2.94,2.72,2.67,3.35,3.29,3.48,3.54,3.68,4.23,4.4,4.84,5.2,6.06,6.22,6.96,6.3,5.78,6.28,6.43,6.1,5.96,5.82,5.98,5.79,5.7,5.36,5.16,5.51,5.13,5.16,5.24,5.54,5.27,5.08,4.96,4.96,5.01,5.09,5.18,4.88,5,4.88,4.96,4.64,4.99,5.06,4.94,4.92,5.1,4.98,5.33,5.59,5.74,5.83,5.98,5.92,5.91,6.56,7.32,7.08,7.06,6.57,5.88,5.37,5.3,5.58,5.88,5.94,6.24,6.24,6.37,6.34,6.22,6.28,6.24,6.41,6.33,6.37,6.51,6.54,7,7.01,7.28,7.58,7.09,7.32,7.01,6.96,6.74,6.44,6.48,6.25,5.78,5.64,5.4,4.88,5.55,5.24,5.08,4.3,5.08,4.36,4.3,5.34,5,6.58,6.88,7.27,8.02,7.08,7.03,7.1,7.18,7.4,7.62,7.85,7.54,7.13,7.12,7.14,6.94,6.89,6.72,6.04,6.41,6,5.51,5.66,5.54,4.31,4.37,4.29,3.76,3.82,3.22,3.44,4.14,3.72,4,4.07,3.78,4.1,3.72,4.22,4.4,4.7,4.8,4.66,4.62,5.17,4.81,4.82,5.26,5.68,6,6.43,6.54,6.73,6.66,6.8,7.06,7.24,7,7.26,7.35,7.19,7.11,6.94,6.98,7.2,6.96,6.97,7.03,7.58,8.1,8.06,7.8,7.7,7.72,7.66,7.31,7.13,7.44,7.58,7.46,7.51,7.46,7.2,7.2,7.19,7.23,7.44,7.18,7.38,7.41,7.12,6.83,6.9,6.83,7.04,6.99,7.42,7.35,8.02,8.12,8.81,8.33,7.8,7.82,8.7,9.06,8.35,8,8,7.9,7.97,7.88,7.86,7.83,7.82,7.74,7.7,7.8,7.77,7.38,7.05,6.76,7.42
10.26,10.36,8.9,8.37,8.19,8.06,7.4,7.08,7.08,7.21,7.78,8.42,9.34,9.54,9.33,9.26,9.2,9.41,9.3,9.4,9.36,9.66,9.32,9.67,9.8,8.92,9.18,9.13,9.3,9.24,9.26,8.88,9,8.86,8.08,7.46,6.32,6.52,6.67,6.54,6.08,5.68,5.4,5.19,5.1,5.22,5.5,6.18,6.92,6.58,6.22,5.74,5,5.3,5.46,4.8,4.92,5.63,5.8,5.78,4.99,3.86,2.36,2.87,2.11,2.14,1.6,2.68,3.96,2.87,3.84,3.38,3.68,5.2,4.76,5.14,5.6,6.26,6.4,5.98,5.48,5.17,5.59,4.3,3.47,4,3.9,4.33,3.64,4.04,2.98,4.44,4.31,4.44,4.42,4,3.04,4.57,3.84,3.7,3.6,3.22,2.94,2.74,3.22,2.84,2.91,2.9,2.78,2.03,2.16,2.72,2.61,2.64,3.08,3.17,4.35,4.37,4.84,5.54,6.74,6.6,6.39,6.94,5.79,5.46,5.76,5.5,5.67,5.68,5.54,5.11,4.14,3.14,3.16,3.57,3.77,3.92,4.1,4.85,5,4.47,4.42,4.14,4.53,4.7,5.05,4.83,4.8,4.68,4.76,4.3,4.54,4.44,4.09,4.16,4.68,3.92,4.94,5.28,5.14,5.48,5.58,5.82,5.92,6.56,7.02,6.94,6.79,6.36,5.6,5.2,5.23,5.56,5.74,5.77,6.02,6,6.02,6.09,5.96,5.82,5.84,6.02,5.97,5.99,6,6.12,6.28,6.72,6.95,7.12,6.43,6.61,6.61,6.54,6.1,5.56,5.9,5.66,5.08,4.49,3.78,4.12,3.66,3.48,2.87,3.36,3,3.26,2.88,3.89,5.16,7.16,8.06,-100,-100,-100,-100,-100,-100,7.75,7.88,7.84,7.36,6.71,6.39,6.67,6.14,5.64,4.6,4.46,3.12,3.34,3.63,3.77,3.44,2.71,2.98,2.87,3.2,3,2.16,2.16,1.68,1.55,1.36,2.24,2.3,2.57,3,3.06,3.54,3.6,3.79,4.28,4.12,4.28,4.28,4.8,5.52,5.75,6.07,6.57,6.73,7.18,7.28,7.12,7.32,7.14,7.21,7.18,7.18,6.75,6.6,6.4,6.03,6.8,6.87,6.75,6.74,7.19,7.74,7.47,7.42,7.48,7.48,7.56,6.92,6.69,6.52,6.86,6.99,7.21,6.93,6.45,6.63,6.56,6.83,6.92,6.82,6.88,6.98,6.76,6.64,6.64,6.62,6.85,6.96,7.85,7.7,8.16,8.51,9.1,8.65,8.28,8.16,8.6,8.96,8.46,7.99,7.72,7.46,7.53,7.42,7.38,7.32,6.72,7.21,7.25,7.27,7.4,6.24,4.96,4.84,6
10.32,10.35,9.12,8.46,8.34,8.18,7.38,7.12,7.21,7.68,8.16,9.2,9.7,9.54,9.56,9.35,9.4,9.71,9.54,9.46,9.54,9.8,9.55,10,9.97,9.24,9.63,9.52,9.37,9.46,9.44,9.05,9.05,8.96,8.46,8.07,7.47,7.25,7.12,7.46,6.16,6.6,5.6,5.44,5.38,5.42,5.77,6.39,7.04,6.65,6.35,5.82,5.1,5.68,5.57,4.86,5.3,5.66,5.9,6.04,5.29,3.92,2.66,3.44,3.04,2.78,2.58,4.18,3.88,2.64,3.58,3.26,3.55,4.86,4.68,5.12,5.53,6.35,6.34,5.94,5.4,5.36,5.45,4.1,3.47,4.06,3.94,4.68,4.54,4.18,3.95,4.56,4.62,4.64,4.61,4.4,3.89,4.67,3.94,3.93,3.69,3.38,2.98,3.12,3.38,2.96,2.98,3.01,2.73,2.49,2.62,2.87,3.12,3.22,3.32,3.5,4.1,4.23,4.74,5.57,7.92,6.78,8.64,6.56,6.12,6.67,6.36,6.64,5.77,5.83,5.56,5.44,5.42,4.69,4.56,4.92,4.64,4.96,4.92,5.3,4.9,4.86,4.82,4.64,4.82,4.82,4.96,4.72,4.78,4.79,4.83,4.4,4.7,4.7,4.54,4.7,4.95,4.71,5.06,5.26,5.42,5.59,5.58,5.64,5.8,6.4,7,6.86,6.66,6.25,5.58,5.09,5.05,5.36,5.56,5.69,5.96,6,6.16,6.12,6.1,6.02,6.08,6.2,6.21,6.24,6.32,6.35,6.63,6.77,7.06,7.48,6.86,7.02,6.76,6.7,6.51,6.11,6.12,6.02,5.28,4.68,4.72,4.72,5.05,4.08,4.31,3.9,4.13,4.14,3.78,4.87,5.08,7.06,7.68,8.25,8.2,7.34,7.1,7.3,7.2,7.24,7.55,7.71,7.4,6.84,6.72,6.72,6.5,6.34,5.9,5.66,5.52,5.24,4.84,5.1,4.9,4.23,3.4,3.53,3.58,3.3,3.33,3.46,3.2,2.79,3.3,2.9,3.46,3.92,3.46,3.96,4.1,4.28,4.48,4.44,4.28,4.68,4.38,4.72,5.23,5.62,6.08,6.52,7.06,7.28,7.19,6.35,7.05,6.85,6.88,7.22,7.12,6.84,6.66,6.57,6.39,6.92,6.84,6.7,6.68,7.3,7.7,7.84,7.35,7.66,7.58,7.51,7.04,7.05,7.28,7.42,7.34,7.4,7.28,6.86,6.97,6.97,6.86,7.16,6.91,7.1,7.1,6.74,6.62,6.66,6.59,6.79,6.94,7.51,7.23,8.26,8.6,9.34,8.24,7.99,7.98,8.73,9.13,8.26,8.09,7.73,7.58,7.66,7.54,7.44,7.4,7.08,7.52,7.41,7.41,7.51,7.02,6.52,6.74,7.16
10.44,10.52,10.12,9.18,9.04,8.47,7.78,7.76,7.4,8.1,8.76,9.98,10.13,9.91,9.83,9.59,9.62,10.01,9.89,9.64,9.72,9.98,9.92,10.26,10.22,9.58,9.93,10.19,9.94,10.1,9.85,9.38,9.62,9.58,8.94,8.61,7.9,7.74,7.52,8.25,6.57,6.58,5.9,5.86,5.46,6.11,6.15,6.62,7.3,6.85,6.58,6.16,5.34,6.02,5.88,5.16,5.62,6.01,6.26,6.55,5.52,4.05,2.89,3.73,3.85,3.07,3.42,4.26,4.34,3.11,3.88,3.89,4.1,5.08,5.18,5.8,6.08,6.42,6.48,6.3,5.7,5.68,5.82,4.28,3.76,4.33,4.2,4.96,4.8,4.8,5,5.3,5.08,5.5,4.92,4.59,4.48,4.86,4.1,4.21,3.85,3.51,3.18,3.34,3.44,3.29,3.21,3.24,2.96,2.78,2.84,3.12,3.51,3.64,4.28,3.94,4.42,4.58,4.86,5.42,6.21,6.88,7.52,7.47,7.85,7.34,5.96,7.21,6.73,7.21,6.38,5.94,5.8,5.48,5.58,5.6,5.1,5.73,6.38,5.87,5.28,5.24,5.52,5.44,5.58,5.12,5.17,5.21,5.49,5.33,5.24,4.74,5.25,5.69,6.24,5.76,5.45,5.04,5.52,6.02,6.34,6.33,6.41,6.36,6.68,7.56,8.1,7.51,7.22,6.77,5.96,5.38,5.3,5.76,5.93,6.04,6.38,6.37,6.45,6.48,6.3,6.3,6.28,6.46,6.48,6.44,6.64,6.56,7.06,7.21,7.35,7.74,7.17,7.47,7.13,7.2,6.77,6.46,6.54,6.3,5.73,5.66,5.49,5.4,5.67,5.38,6.13,4.72,5.02,4.76,4.52,5.2,5.5,6.71,6.7,7.4,8.45,8.2,8.06,7.11,7.79,8.55,8.6,8.15,8.53,7,7.63,7.12,7.06,6.9,6.96,6.4,6.74,6.64,5.5,5.58,5.3,4.55,3.9,4.46,3.8,3.36,3.75,3.92,4.52,3.68,4.26,3.06,3.68,4.2,3.54,4.59,4.52,5.14,5,4.72,4.64,5.12,4.82,4.99,5.55,6.18,6.22,6.73,7.06,7.52,6.8,6.78,7.84,7.21,7.13,7.12,7.36,7.21,7.37,7.43,7.21,7.27,7.1,7.2,7.1,7.79,8.36,8.68,8.13,7.75,8.2,7.96,7.3,7.38,8.22,7.94,7.86,7.98,8.26,8.02,7.36,7.24,7.26,7.63,7.19,7.62,7.71,7.2,7.11,7.16,6.94,7.19,7.16,7.47,7.44,7.92,8.22,8.92,9.5,8.48,8.19,8.69,9.03,8.25,8.1,8.48,8.34,8.06,8.06,7.92,7.86,8.03,7.9,7.8,8.12,8.24,7.71,6.87,6.67,7.66
10.79,10.76,9.47,8.79,8.76,8.45,7.78,7.4,7.54,8.06,8.3,9.54,10.18,10.08,10.03,9.76,9.8,10.12,9.94,9.82,9.85,10.05,10,10.32,10.36,9.59,10.16,9.85,9.75,9.86,9.62,9.26,9.23,9.24,8.82,8.43,7.98,7.85,7.58,7.76,6.86,6.87,6.07,5.8,5.7,5.85,6.12,6.68,7.46,6.88,6.62,6.2,5.42,6.22,5.95,5.13,5.71,6.18,6.44,6.53,5.72,4.2,2.98,3.95,3.44,3.26,3.4,4.57,4.2,2.95,3.96,3.54,3.84,5.08,5.02,5.44,5.8,6.39,6.52,6.25,5.71,5.75,5.84,4.44,3.78,4.4,4.25,5.01,4.85,4.67,4.48,5.09,5.26,5.48,5.04,4.8,4.58,5.02,4.24,4.28,3.94,3.59,3.38,3.66,3.69,3.33,3.34,3.34,3.12,3.17,3.16,3.34,3.6,3.76,3.74,4.03,4.3,4.5,4.81,5.56,6.99,7.62,8.14,7.21,7.44,6.99,7.25,7.64,6.35,6.52,6.24,5.94,5.67,5.65,5.68,5.64,5.36,5.41,5.5,5.7,5.42,5.22,5.08,5.14,5.15,5.24,5.35,5.08,5.16,5.04,5.16,4.84,5.1,5.1,4.93,5.08,5.3,5.18,5.56,5.73,5.91,5.97,6.14,6.08,6.12,6.7,7.48,7.21,7.21,6.73,5.98,5.48,5.38,5.74,5.88,6.03,6.4,6.39,6.56,6.55,6.42,6.44,6.44,6.56,6.6,6.53,6.72,6.79,7.12,7.21,7.53,7.8,7.35,7.44,7.21,7.21,7.04,6.7,6.74,6.56,6.03,5.75,5.46,5.36,5.84,5.58,5.36,4.98,5.19,5,4.77,5.48,5.76,6.68,7.08,7.79,8.88,7.87,7.64,7.08,7.54,7.58,8.07,8.12,7.77,7.26,7.26,7.21,7,6.9,6.71,6.28,6.84,6.2,5.76,5.88,5.15,4.88,4.28,4.52,4.24,3.86,3.75,4.28,4.97,4.3,4.06,3.72,4.11,4.07,3.97,4.8,4.66,4.92,4.92,4.93,4.88,5.34,5.09,5.1,5.51,5.91,6,6.52,6.69,7.33,7.22,6.77,7.4,7.22,7.44,7.52,7.67,7.36,7.21,7.08,6.99,7.34,7.21,7.15,7.21,7.72,8.24,8.16,7.97,7.9,7.83,7.78,7.43,7.2,7.66,7.87,7.69,7.66,7.58,7.21,7.32,7.43,7.41,7.58,7.29,7.51,7.4,7.21,7.06,7.04,7,7.19,7.24,7.76,7.6,8.06,8.85,9.3,8.82,8.4,8.24,8.99,9.34,8.58,8.21,8.11,7.98,8.03,7.94,7.84,7.9,7.65,7.9,7.75,7.9,7.92,7.41,7.1,6.78,7.84
10.53,10.56,9.16,8.52,8.32,8.15,7.47,7.2,7.21,7.76,7.97,9.18,10.09,9.83,9.66,9.48,9.5,10.02,9.61,9.54,9.49,9.82,9.82,10.19,10.1,9.26,9.68,9.59,9.58,9.72,9.54,9.1,9.14,9.05,8.64,8.25,7.75,7.66,7.32,7.63,6.74,6.29,5.75,5.56,5.56,5.36,5.89,6.49,7.24,6.72,6.43,6.12,5.26,5.84,5.72,5.09,5.43,5.83,6.16,6.51,5.38,3.96,2.68,3.74,2.7,2.76,2.98,3.94,4.06,2.74,3.69,3.39,3.67,4.95,4.85,5.26,5.69,6.28,6.44,6.15,5.56,5.68,5.6,4.28,3.58,4.18,4.19,4.73,4.48,4.42,3.83,4.84,4.87,5.18,4.78,4.59,3.98,4.77,4.02,4.08,3.74,3.36,3.25,3.18,3.36,3.09,3.08,3.08,2.86,2.7,2.78,3.29,3.16,3.3,3.5,3.62,4.18,4.26,4.76,5.52,7.3,7.44,8.14,7.29,6.55,7.77,6.86,6.94,6.28,6.36,5.84,5.5,5.21,4.52,4.68,4.98,4.43,4.99,4.92,5.53,5.16,4.96,4.76,4.72,5,5.05,5.14,4.96,5,4.88,4.98,4.6,4.96,4.72,4.46,4.62,4.89,4.51,5.16,5.36,5.7,5.76,5.98,5.89,6.01,6.77,7.21,7.07,7.04,6.5,5.76,5.22,5.18,5.56,5.74,5.86,6.16,6.22,6.26,6.3,6.17,6.22,6.18,6.28,6.3,6.24,6.43,6.5,6.89,6.88,7.21,7.52,6.98,7.2,6.91,6.88,6.59,6.32,6.37,6.06,5.97,5.16,5.2,4.78,5.34,5.36,4.65,4.87,4.46,4.3,4.27,4.63,5.76,6.6,6.7,7.77,8.49,8.6,7.78,7.21,7.35,7.66,8.13,7.93,7.66,6.81,6.76,6.74,6.42,6.11,5.16,5.48,5.46,4.65,5.18,5.08,4.7,4.14,3.64,3.96,3.88,3.68,3.33,3.72,3.4,4.3,3.28,3.28,3.41,3.9,4.05,4.19,4.26,4.58,4.62,4.62,4.6,5.04,4.68,4.9,5.33,5.67,6.36,6.38,6.7,8.13,7.21,7,7.83,7.34,7.21,7.32,7.47,6.9,6.72,6.54,6.3,6.88,6.92,6.76,6.84,7.32,7.92,7.92,7.58,7.54,7.64,7.62,7.06,6.92,7.21,7.29,7.43,7.54,7.33,6.98,7.02,7,7,7.24,6.96,7.12,7.21,6.89,6.76,6.71,6.69,6.92,7.13,7.62,7.56,8.31,8.32,9.78,9.04,8.16,8.14,8.92,9.22,8.48,8.06,7.88,7.64,7.6,7.58,7.49,7.32,6.78,7.38,7.47,7.58,7.44,6.72,6.51,6.22,7.34
10.5,10.49,9.19,8.58,8.58,8.3,7.57,7.23,7.23,7.84,8.28,9.37,9.85,9.71,9.58,9.44,9.48,9.92,9.66,9.63,9.6,9.97,9.7,10.12,10.06,9.32,9.7,9.68,9.56,9.57,9.5,9.15,9.1,9.08,8.56,8.17,7.7,7.56,7.26,7.63,6.84,6.72,5.94,5.71,5.54,5.98,5.85,6.48,7.2,6.77,6.36,6.11,5.24,5.86,5.69,5.03,5.46,5.88,6.03,6.31,5.38,3.99,2.68,3.55,3.12,2.86,2.84,4.62,3.92,2.78,3.52,3.34,3.62,4.84,4.92,5.26,5.64,6.44,6.42,6.06,5.5,5.54,5.71,4.23,3.57,4.16,4.08,4.8,4.77,4.38,4.46,4.85,4.82,5.16,4.94,4.54,4.38,4.72,4.02,4.04,3.8,3.49,3.31,3.4,3.4,3.12,3.1,3.18,2.95,2.82,3.08,3.17,3.29,3.49,3.51,3.88,4.33,4.46,4.86,5.36,5.7,5.94,6.32,6.22,6.11,6.02,5.54,6.39,5.95,5.84,5.8,5.76,5.6,5.04,5.35,5.44,4.92,5.27,5.24,5.58,5.22,5.08,4.98,4.99,5.04,5.02,5.14,4.88,4.88,4.86,4.94,4.59,4.98,5,4.8,4.92,5.09,5.04,5.23,5.59,5.72,5.73,6.04,5.88,5.94,6.56,7.25,6.98,6.83,6.56,5.78,5.23,5.24,5.55,5.76,5.91,6.15,6.18,6.3,6.34,6.22,6.18,6.2,6.3,6.33,6.3,6.45,6.5,6.92,6.88,7.21,7.48,6.93,7.14,6.88,6.89,6.61,6.32,6.28,6.1,5.86,5.59,5.28,5.2,5.42,5.27,5.1,5.16,4.98,5.06,5.28,6.32,5.72,6.54,7.32,6.84,7.44,7.22,7.36,7.5,7.13,7.41,7.55,7.73,7.56,6.79,7.08,6.87,6.84,6.81,6.79,6.32,6.19,6.34,5.68,5.82,5.23,4.42,3.92,4.46,3.68,3.76,4.14,4.26,4.99,3.86,3.82,3.47,3.94,4.01,3.92,4.45,4.45,4.68,4.81,4.8,4.66,5.14,4.84,5.07,5.44,5.76,6.19,6.4,6.71,6.9,6.49,6.28,6.88,6.7,6.78,6.92,7.21,6.99,6.94,6.9,7.02,7.16,6.97,6.92,6.96,7.48,8.1,8.04,7.74,7.66,7.66,7.61,7.18,7.03,7.48,7.66,7.45,7.48,7.4,7.21,7.19,7.21,7.14,7.31,7.1,7.32,7.29,6.94,6.67,6.82,6.72,6.85,6.78,7.2,7.21,7.54,7.86,8.6,8.16,7.8,7.72,8.36,8.68,7.76,7.75,7.78,7.68,7.82,7.75,7.69,7.74,7.84,7.72,7.65,7.84,7.83,7.48,6.74,7.22,7.78
10.52,10.52,9.32,8.62,8.44,8.3,7.54,7.22,7.33,7.8,8.06,9.2,9.89,9.72,9.58,9.36,9.38,9.88,9.62,9.54,9.58,9.86,9.64,10.04,10.04,9.16,9.66,9.53,9.54,9.64,9.53,9.17,9.2,9.1,8.59,8.24,7.66,7.46,7.4,7.58,6.54,6.44,5.8,5.6,5.5,5.51,5.84,6.5,7.16,6.68,6.39,5.98,5.24,5.72,5.64,5.02,5.38,5.64,5.82,6.16,5.42,4.07,2.61,3.46,2.9,2.8,2.83,4.09,4.1,2.85,3.82,3.46,3.71,5.16,4.88,5.37,5.76,6.5,6.58,6.13,5.58,5.57,5.74,4.32,3.6,4.11,4.06,4.72,4.52,4.39,3.98,4.88,4.77,5.08,4.81,4.62,4.14,4.76,4.05,4.02,3.75,3.38,3.21,3.14,3.41,3.09,3.1,3.08,2.88,2.45,2.89,3.17,3.14,3.3,3.41,3.6,4.33,4.44,4.98,5.74,7.98,6.98,7.54,7.8,7.4,7.21,6.48,7.03,6.24,6.18,5.97,5.72,5.15,4.38,4.73,4.98,4.6,5.12,5.28,5.5,5.23,4.96,4.86,4.87,5.02,5.04,5.16,4.94,4.92,4.92,4.96,4.62,4.95,5.02,4.79,4.87,5.12,4.75,5.4,5.6,5.72,5.85,5.94,5.9,6.04,6.7,7.38,7.06,6.85,6.47,5.8,5.27,5.22,5.63,5.78,5.88,6.2,6.22,6.3,6.31,6.18,6.15,6.17,6.26,6.25,6.23,6.4,6.44,6.83,6.84,7.2,7.36,6.94,7.12,6.87,6.88,6.66,6.22,6.3,6.08,5.92,5.16,4.92,4.91,5.46,4.9,4.9,4.57,4.36,4.08,3.96,5.38,5.8,7.21,7.34,8.81,8.78,8.17,7.42,7.48,7.53,7.9,8.11,8,7.6,7.06,6.93,6.98,6.53,6.58,6,5.06,5.51,5.71,4.82,4.79,4.42,4.26,3.66,3.96,3.92,3.65,3.24,3.28,3.66,4.04,3.11,3.06,3.16,3.58,3.96,4.12,4.34,4.66,4.8,4.68,4.6,5.04,4.78,5.02,5.63,5.78,6.3,6.84,7.21,8.19,7.24,6.85,7.54,7.21,7.28,7.45,7.49,7.08,6.98,6.84,6.73,7.16,7.07,6.97,7.14,7.48,8.1,8.01,7.86,7.76,7.68,7.62,7.21,6.83,7.37,7.63,7.4,7.46,7.36,7.14,7.18,7.2,7.16,7.34,7.1,7.25,7.28,7.02,6.82,6.78,6.81,7,7.16,7.61,7.54,8.15,8.56,10,9,8.27,8.14,8.96,9.13,8.4,8.06,7.94,7.7,7.76,7.69,7.59,7.62,7.02,7.73,7.36,7.57,7.57,7.06,6.24,5.95,7.28
10.66,10.74,9.35,8.86,8.64,8.4,7.86,7.46,7.56,7.96,8.25,9.48,10.03,9.79,9.77,9.55,9.54,10.03,9.82,9.74,9.76,10,9.88,10.28,10.22,9.26,9.77,9.65,9.7,9.83,9.73,9.37,9.35,9.22,8.72,8.36,7.81,7.59,7.59,7.72,7,6.58,5.96,5.72,5.8,5.66,6.03,6.6,7.32,6.84,6.6,6.17,5.29,5.79,5.79,5.07,5.62,5.92,5.98,6.42,5.65,4.18,2.84,3.69,2.97,3.04,2.8,3.98,4.21,3.04,4.3,3.62,3.94,5.46,5.08,5.53,5.97,6.62,6.76,6.37,5.8,5.8,5.91,4.52,3.77,4.31,4.3,4.99,4.65,4.53,4.32,4.99,4.93,5.38,5,4.83,4.38,5,4.26,4.24,3.99,3.59,3.47,3.38,3.58,3.28,3.32,3.27,3.2,2.8,3.08,3.64,3.34,3.5,3.56,3.82,4.46,4.65,5.17,6.09,6.92,7.04,8.04,6.72,7.3,7.32,7.64,6.54,6.22,6.14,5.99,5.82,5.3,4.44,4.45,5.04,4.7,5.1,5.37,5.59,5.44,5.05,4.96,4.92,5.12,5.17,5.37,5.14,5.1,5.06,5.14,4.86,5.08,5.08,4.88,5.02,5.28,4.85,5.63,5.75,5.84,6.04,6.16,6.12,6.24,6.89,7.5,7.26,7.04,6.65,5.96,5.46,5.45,5.8,5.96,6.1,6.4,6.42,6.54,6.55,6.43,6.44,6.4,6.46,6.52,6.44,6.62,6.7,7,7.08,7.4,7.64,7.11,7.3,7.1,7.06,6.88,6.5,6.34,6.3,5.9,5.39,5.12,5.26,5.65,5.4,5,5.08,4.84,4.48,4.28,4.74,6.08,7.22,7.72,8.41,8.6,8.1,7.77,7.57,7.6,7.57,7.85,8.1,7.7,7.15,7.09,7.19,6.82,6.56,5.86,5.5,5.32,5.72,5.78,5.44,4.66,4.66,4.01,4.16,4.1,4.16,3.7,3.92,3.93,4.16,3.52,3.66,3.96,3.8,4.24,4.27,4.58,4.77,4.9,4.82,4.78,5.28,5.02,5.12,5.73,6.08,6.55,6.84,7.36,7.6,7.56,6.91,7.66,7.3,7.36,7.62,7.82,7.21,7.16,6.96,6.94,7.26,7.36,7.15,7.2,7.67,8.36,8.2,8.09,7.97,7.89,7.86,7.54,7.1,7.54,7.82,7.59,7.68,7.53,7.21,7.36,7.5,7.5,7.52,7.52,7.45,7.47,7.21,7.14,7.14,7.22,7.39,7.32,8.08,7.92,8.7,9.28,9.85,9.12,8.52,8.7,9.54,9.48,8.78,8.75,8.08,7.86,7.94,7.94,7.8,7.77,7.39,7.88,7.54,7.8,7.7,7.29,6.59,6.32,7.74
10.6,10.58,9.29,8.68,8.34,8.26,7.62,7.29,7.3,7.67,7.91,9.33,9.94,9.82,9.8,9.55,9.58,10.02,9.7,9.69,9.76,9.98,9.84,10.21,10.19,9.37,9.62,9.59,9.57,9.8,9.55,9.28,9.3,9.17,8.72,8.18,7.72,7.68,7.01,7.52,6.34,6.56,5.91,5.76,5.58,5.5,5.86,6.58,7.2,6.83,6.64,6.08,5.37,5.9,5.73,5.1,5.51,5.89,6.2,6.38,5.6,4.12,2.86,3.47,3,2.9,2.86,4.54,4.29,3.04,4.28,3.59,3.94,5.34,5.08,5.46,5.89,6.44,6.7,6.34,5.76,5.83,5.92,4.5,3.7,4.28,4.29,4.9,4.66,4.52,3.77,5.02,4.86,5.2,5.04,4.68,3.68,4.92,4.18,4.2,3.94,3.54,3.38,3.08,3.57,3.27,3.28,3.26,3.06,2.45,2.5,3.2,3.02,3.4,3.68,3.66,4.46,4.6,5.16,5.6,6.62,7.72,7.81,7.26,6.92,6.48,6.4,7.28,6.29,6.16,5.93,5.68,5.28,4.28,3.95,4.6,4.18,4.99,4.94,5.54,5.36,5,4.91,4.9,5.13,5.16,5.34,5.1,5.18,5.01,5.12,4.78,5.07,5.08,4.72,4.8,5.14,4.46,5.3,5.64,5.81,5.94,6.14,6.08,6.21,6.83,-100,-100,-100,-100,-100,-100,-100,5.95,5.93,6.09,6.37,6.38,6.5,6.5,6.36,6.32,6.34,6.46,6.44,6.39,6.58,6.63,6.96,7.06,7.32,7.61,7.12,7.21,6.98,6.95,6.82,6.41,6.43,6.24,5.58,4.66,3.88,4.53,5.48,4.48,3.97,4.78,3.72,3.36,3.52,4.89,5.84,7.17,7.33,8.54,8.39,8.46,8.01,7.43,7.63,7.81,7.97,8.04,7.88,7.08,6.86,6.89,6.63,6.06,5.13,4.88,3.98,3.99,3.98,3.7,4.34,3.5,3.26,3.71,3.78,3.54,2.53,1.98,2.3,2.78,1.81,1.88,2.48,3.6,3.21,3.62,3.92,3.92,4.5,4.82,4.72,5,4.85,5.08,5.63,6,6.4,6.44,6.94,7.75,7.14,7.15,7.38,7.2,7.33,7.55,7.6,7.12,6.99,6.82,6.54,7.06,7.12,6.96,6.89,7.38,8.11,8.06,7.76,7.69,7.8,7.77,7.06,7.02,7.3,7.21,7.54,7.57,7.56,7.2,7.1,6.84,7,7.24,7.04,6.95,7.26,7.03,6.88,6.84,6.8,7.04,7.18,7.77,7.64,8.09,8.44,9.45,8.9,8.44,8.33,8.94,9.26,8.58,8.2,7.99,7.75,7.72,7.64,7.51,7.38,6.78,7.28,7.5,7.72,7.63,6.9,5.5,5.24,6.53
10.74,10.71,9.39,8.7,8.72,8.49,7.76,7.38,7.49,8.34,8.25,9.24,10.1,10.02,9.99,9.65,9.62,10.1,10.02,9.94,9.82,10.06,10.04,10.36,10.38,9.53,9.91,9.68,9.68,9.74,9.72,9.21,9.24,9.38,8.8,8.24,7.95,7.79,7.54,7.62,6.65,6.44,5.79,5.63,5.54,6.04,6.05,6.74,7.55,7.03,6.67,6.35,5.45,6.1,5.88,5.22,5.64,6.04,6.34,6.62,5.64,4.3,3.06,3.91,3.3,3.28,3.26,3.48,4.21,3,3.82,3.52,3.86,5.11,5.1,5.41,5.73,6.68,6.74,6.34,5.8,5.87,5.98,4.54,3.79,4.4,4.36,5.02,4.82,4.7,4.68,5.1,5.08,5.4,4.98,4.62,4.46,5.04,4.3,4.33,4.1,3.61,3.24,3.08,3.7,3.38,3.34,3.22,3.03,2.66,2.98,3.28,3.3,3.59,3.77,3.88,4.53,4.5,5.02,5.48,6.2,6.66,7.81,6.53,6.96,6.16,6.48,6.64,5.99,6.3,6.02,5.78,5.75,5.2,5.26,5.59,5.19,5.2,5.43,5.64,5.34,5.12,4.94,4.94,5.08,5.11,5.28,5.09,5.13,5.01,5.08,4.84,5.1,5.24,4.94,5,5.13,4.96,5.29,5.72,5.87,5.98,6.26,6.02,6.1,6.72,7.36,7.2,7.22,6.74,6.08,5.58,5.46,5.82,6.06,6.04,6.38,6.38,6.5,6.54,6.44,6.41,6.43,6.59,6.54,6.52,6.7,6.64,7,7.12,7.44,7.65,7.2,7.26,7.14,7.05,6.88,6.59,6.59,6.41,5.8,5.23,5.07,5.54,5.49,5.04,4.78,4.18,4.84,3.88,3.86,4.36,5.16,6.64,7.48,7.66,8.16,7.24,7.58,7.58,7.21,7.56,7.78,8,7.78,7.29,7.21,7.02,6.83,6.78,6.73,5.76,6.12,5.41,4.77,5.04,5.16,3.98,3.84,3.86,3.77,3.51,3.12,3.21,4.6,3.24,3.4,3.14,3.37,3.52,3.55,4.16,4.28,4.71,4.7,4.67,4.74,5.2,4.9,5.08,5.56,5.79,5.93,6.58,6.45,7.02,7.06,7.18,6.94,7.15,7.12,7.5,7.6,7.17,7.03,6.95,6.88,7.2,7.16,7.08,7.15,7.7,8.07,8.19,7.85,7.71,7.94,7.86,7.31,7.21,7.47,7.47,7.52,7.69,7.54,7.13,7.21,7.21,7.21,7.4,7.21,7.42,7.4,7.1,6.86,6.96,6.94,7.21,7.19,7.81,7.72,8.44,8.71,9.28,8.59,8.14,8.45,9.19,9.21,8.72,8.32,7.95,7.82,7.92,7.82,7.76,7.68,7.68,7.69,7.62,7.8,7.82,7.21,6.54,6.46,7.21
10.28,10.34,9,8.42,7.98,8.02,7.36,7.02,6.94,7.56,7.54,8.36,9.36,9.25,9.22,9.06,9.04,9.36,9.3,9.13,9.23,9.46,9.4,9.81,9.71,8.84,9.18,9.24,9.2,9.39,9.41,8.98,9,8.79,8.13,7.46,7.08,7.25,6.9,6.84,5.54,5.38,5.3,5.1,5.02,5.34,5.38,6,6.59,6.38,6.1,5.52,4.87,5.16,5.26,4.54,4.94,5.33,5.08,5.62,5.08,3.82,2.46,2.96,2.3,2.66,2.08,2.14,3.9,2.7,3.56,3.28,3.58,5.02,4.72,5.1,5.64,6.46,6.44,6.06,5.38,5.47,5.72,4.27,3.26,3.74,3.83,4.56,4.22,4.1,3.6,4.46,4.51,4.49,4.6,4.2,3.22,4.48,3.79,3.83,3.48,3.06,2.82,2.62,3.12,2.85,2.92,2.7,2.62,2.08,2.14,2.62,2.46,2.59,3,3.12,3.94,4.16,4.7,-100,-100,-100,-100,-100,6.56,6.6,7.74,6.41,5.8,5.72,5.54,4.58,3.93,3.22,3.29,3.34,3.32,4.56,4.54,4.94,5.01,4.66,4.52,4.42,4.7,4.8,5.07,4.78,4.7,4.63,4.77,4.45,4.58,4.26,4.03,3.4,4.5,3.84,3.98,5.08,5.25,5.59,5.63,5.86,5.87,6.5,7.14,6.93,6.36,5.99,5.52,5.1,5.08,5.41,5.64,5.77,5.98,6,6.06,6.08,6,5.88,5.86,6.07,5.96,5.99,6.16,6.13,6.46,6.54,6.85,7.1,6.58,6.82,6.62,6.52,6.28,5.48,5.84,5.64,5.08,3.72,3.1,2.95,3.66,3,2.29,2.92,2.02,2.39,2.18,2.49,4.09,5.1,6.32,6.46,7.12,7.39,7.21,7.19,7.21,7.34,7.72,7.75,7.38,6.68,5.98,5.98,4.96,3.8,4.11,3.74,3.34,3.11,2.75,3.06,3.3,2.58,2.88,2.3,2.75,2.45,1.36,1.8,1.3,1.36,1.36,1.53,1.52,2.36,2.38,2.64,3.13,3.46,3.76,4.28,4.08,4.12,4.39,4.78,5.4,5.7,5.98,6.02,6.39,7.06,7.37,7.14,7.21,7.21,7.38,7.36,7.36,6.66,6.14,5.7,5.04,5.86,6.6,6.32,5.92,6.34,6.96,6.96,6.9,7.21,7.33,7.46,6.74,6.13,6.62,6.56,7.07,7.02,6.92,6.47,6.54,6.37,6.24,6.28,6.32,6.35,6.47,6.45,6.38,6.32,6.44,6.64,6.94,6.66,7.69,8.04,8.64,8.59,8.3,8.3,8.77,9.14,9.12,8.73,8.2,7.67,7.28,6.88,6.84,6.54,6.43,5.27,6.06,6.35,6.97,6.78,5.91,5.14,4.4,5.08
10.38,10.44,8.94,8.16,7.96,7.94,7.28,6.98,7.06,7.6,7.72,9.06,9.76,9.54,9.56,9.33,9.36,9.72,9.55,9.52,9.47,9.7,9.58,9.85,9.64,9.1,9.53,9.36,9.38,9.47,9.36,9.03,8.86,8.9,8.48,8.11,7.58,7.42,6.7,7.3,6.14,6.48,5.61,5.52,5.28,5.16,5.76,6.46,7.14,6.69,6.4,6.05,5.12,5.74,5.56,4.92,5.38,5.74,6.04,6.24,5.18,3.7,2.43,3.16,2.79,2.64,3.07,4.53,3.82,2.62,3.51,3.16,3.5,4.66,4.66,5.14,5.44,5.95,6.19,5.94,5.42,5.5,5.5,4.03,3.42,3.99,4.02,4.5,3.98,4.12,3.92,4.71,4.73,4.98,4.52,4.46,3.2,4.62,3.72,3.94,3.56,3.1,2.93,2.84,3.16,2.9,2.9,2.83,2.71,2.32,2.18,2.62,2.68,3.24,3.32,3.44,3.88,4.03,4.5,5.08,5.44,5.85,6.68,5.7,5.84,6.19,-100,-100,-100,5.47,5.46,5.2,5.12,4.28,3.87,4.99,4.25,4.8,4.6,5.34,4.98,4.78,4.54,4.64,4.8,4.9,4.97,4.74,4.83,4.68,4.81,4.4,4.78,4.8,4.42,4.58,4.68,4.2,4.88,5.24,5.59,5.48,5.71,5.68,5.84,6.36,6.94,6.86,6.9,6.43,5.57,5.04,5.01,5.38,5.49,5.67,5.96,5.96,6.1,6.12,6,6.01,5.98,6,6.08,5.97,6.2,6.34,6.54,6.73,7.21,7.4,6.8,7.04,6.64,6.7,6.42,6.42,6.24,5.96,5.28,4.96,4.81,4.32,5.14,4.76,3.94,4.48,3.28,3.53,3.58,6.07,5.2,6.9,6.6,7.1,7.36,6.75,6.78,6.89,6.76,6.96,7.22,7.34,7.21,6.5,6.38,6.22,5.86,5.84,5.08,5.08,4,3.85,4.02,4.36,4.92,3.61,3.29,3.72,3.58,3.1,3.02,2.62,2.24,3.39,2.31,2.46,2.63,3.42,3.28,3.85,3.8,3.8,4.44,4.31,4.34,4.82,4.48,4.62,5.19,5.51,5.69,6.17,6.36,6.6,6.3,6.44,6.73,6.71,6.62,6.82,6.93,6.56,6.4,6.29,6.18,6.54,6.72,6.53,6.61,7.07,7.21,7.88,7.16,7.25,7.33,7.5,6.86,6.79,7.09,7.34,7.34,7.26,7.18,6.92,6.67,6.82,6.6,6.9,6.62,6.68,7.1,6.54,6.43,6.52,6.44,6.64,6.67,7.16,7.18,7.42,7.56,9.37,8.18,7.46,7.77,8.17,8.65,7.86,7.68,7.52,7.44,7.34,7.36,7.21,7.46,7.35,7.21,7.42,7.68,7.37,6.06,5.32,5.22,6.13
10.34,10.43,9,8.31,8.18,7.98,7.45,7.16,7.14,7.62,7.73,9.12,9.72,9.7,9.61,9.41,9.52,9.8,9.56,9.55,9.52,9.82,9.7,10,10.1,9.33,9.6,9.46,9.56,9.63,9.54,9.09,9.02,9,8.58,8.04,7.54,7.43,6.77,7.4,6.39,6.51,5.73,5.54,5.41,5.3,5.84,6.4,7.24,6.8,6.43,6.23,5.25,5.93,5.67,5.03,5.44,5.82,6.09,6.36,5.36,3.86,2.6,3.18,3.05,2.74,3.12,4.15,3.96,2.86,3.7,3.4,3.71,4.75,4.91,5.28,5.64,6.29,6.46,6.12,5.62,5.69,5.64,4.2,3.52,4.12,4.1,4.64,4.3,4.36,3.98,4.74,4.77,5.05,4.72,4.52,3.42,4.7,3.89,4,3.67,3.28,3.02,3.02,3.31,2.96,3.01,2.95,2.82,2.49,2.28,2.79,2.9,3.3,3.47,3.52,4.22,4.25,4.74,5.26,5.75,5.7,6.38,5.6,5.96,6.09,-100,-100,-100,-100,5.78,5.32,5.28,4.93,3.99,4.71,4.36,4.98,4.87,5.5,5.1,4.97,4.62,4.6,4.94,5,5.08,4.9,4.92,4.82,4.94,4.52,4.98,4.74,4.52,4.8,4.88,4.11,5.21,5.19,5.58,5.7,5.69,5.79,6.02,6.56,7.21,7.04,6.97,6.57,5.82,5.33,5.3,5.64,5.76,5.9,6.16,6.16,6.27,6.25,6.18,6.14,6.12,6.26,6.31,6.2,6.35,6.48,6.81,6.9,7.24,7.44,6.92,7.09,6.86,6.83,6.67,6.36,6.17,6.04,5.36,4.8,5.19,4.78,5.18,5.1,4.42,4.26,3.18,3.74,3.92,5.69,5.48,6.78,6.92,7.12,7.62,7.02,7.16,7.26,7.08,7.2,7.47,7.69,7.48,6.77,6.58,6.54,6.49,5.98,5.28,5.08,4.25,4,4.56,4.46,4.52,3.96,3.46,3.72,3.63,3.26,3.4,2.88,2.74,3.53,2.38,2.82,2.96,3.64,3.3,4.08,3.94,3.89,4.46,4.44,4.44,4.88,4.74,4.88,5.6,5.74,5.87,6.57,6.37,6.71,6.6,6.44,7.08,6.66,6.76,6.96,7.14,6.78,6.54,6.46,6.26,6.89,6.83,6.75,6.66,7.25,7.64,7.89,7.22,7.53,7.58,7.52,7.06,6.94,7.12,7.28,7.46,7.33,7.25,7.06,6.84,6.85,6.9,7.18,6.9,6.95,7.12,6.72,6.58,6.59,6.54,6.82,6.88,7.38,7.34,7.59,8.08,8.6,8.43,7.9,8.01,8.36,8.96,8.04,7.89,7.71,7.52,7.46,7.48,7.34,7.39,7.15,7.21,7.28,7.68,7.46,6.4,5.7,5.22,6.38
10.41,10.42,8.98,8.33,8.14,8.2,7.4,7.08,7.11,7.62,7.69,9.06,9.8,9.66,9.51,9.26,9.07,9.84,9.66,9.52,9.55,9.76,9.74,9.92,9.99,9.12,9.44,9.54,9.16,9.52,9.25,8.79,8.89,8.81,8.4,7.98,7.52,7.32,6.88,7.26,6.18,6.45,5.52,5.52,5.36,5.17,6.08,6.54,6.94,6.8,6.28,6.02,5.15,5.8,5.49,4.86,5.46,5.8,6.08,6.18,5.37,3.83,2.49,3.24,2.5,2.74,3,4.22,3.74,2.74,3.64,3.17,3.55,4.94,4.78,5.08,5.42,6.28,6.3,5.98,5.46,5.48,5.51,4.1,3.48,4.18,4.09,4.7,3.96,4.33,4.19,4.8,4.54,5,4.61,4.53,3.42,4.58,3.86,3.98,3.62,3.22,3.05,2.98,3.28,3,3.03,2.99,2.78,2.06,2.32,2.7,2.78,3.18,3.24,3.53,4.08,4.2,4.6,5.12,5.7,5.6,6.48,5.8,5.51,5.86,-100,-100,-100,5.94,5.65,5.29,4.92,4.34,3.76,4.58,4.66,4.53,5,5.1,5.02,4.8,4.6,4.54,4.74,4.82,4.96,4.69,4.85,4.66,4.66,4.42,4.79,4.8,4.5,4.71,4.78,4.07,4.96,5.1,5.56,5.57,5.92,5.72,5.86,6.49,7.06,6.67,6.9,6.43,5.75,5.16,5.15,5.58,5.72,5.8,6.06,6.12,6.22,6.23,6.06,6.12,6.18,6.16,6.2,6.08,6.4,6.34,6.62,6.75,7.1,7.44,6.82,7,6.92,6.78,6.74,6.19,6.15,5.92,5.84,5.06,4.4,4.14,5.18,4.74,4.57,4.08,3.29,3.42,3.55,5.5,5.44,6.48,6.69,7.32,7.54,6.94,7.08,7,6.92,7.1,7.45,7.57,7.4,6.64,6.48,6.36,6.16,5.84,5.1,4.93,4.1,3.78,4.1,4.24,4.04,3.48,3.55,3.33,3.6,3.18,2.7,2.48,2.28,3.18,2.21,2.74,2.65,3.1,3.17,3.28,3.83,3.72,4.48,4.38,4.3,4.88,4.48,4.74,5.26,5.61,5.9,6.15,6.29,6.54,6.41,6.34,6.86,6.84,6.79,6.91,7.06,6.68,6.52,6.42,5.94,6.62,6.74,6.59,6.58,7.18,7.38,7.74,7.23,7.44,7.64,7.34,6.91,6.84,7.18,7.31,7.17,7.3,7.13,7.05,6.83,6.82,6.8,7.1,6.8,6.92,7.01,6.67,6.58,6.51,6.56,6.76,6.82,7.3,7.28,7.61,7.86,8.98,8.18,7.88,7.95,8.58,8.94,8.06,7.82,7.64,7.47,7.4,7.47,7.36,7.43,7.14,7.16,7.3,7.26,7.42,6.64,5.52,5.09,5.89
10.61,10.71,9.3,8.54,8.31,8.33,7.56,7.33,7.39,7.92,8.12,9.3,10.04,9.85,9.76,9.55,9.53,10.1,9.78,9.82,9.78,10.01,9.97,10.21,10.19,9.47,9.85,9.62,9.62,9.8,9.65,9.21,9.16,9.27,8.74,8.4,7.75,7.78,7.08,7.74,6.7,6.66,5.97,5.87,5.66,5.56,6.14,6.86,7.22,7.02,6.82,6.36,5.52,6.11,5.92,5.29,5.76,6.16,6.45,6.47,5.72,4.24,2.94,3.72,3.01,3.12,3.52,4.34,4.38,3.23,4.19,3.66,4.02,5.4,5.18,5.54,5.88,6.64,6.76,6.41,5.87,5.92,5.95,4.58,3.98,4.52,4.44,5.08,4.68,4.8,4.88,5.14,5.04,5.47,4.98,5.08,3.4,4.98,4.24,4.29,4.06,3.62,3.44,3.47,3.7,3.42,3.38,3.34,3.18,2.82,2.81,3.1,3.1,3.62,3.69,3.92,4.56,4.71,5.16,5.42,5.94,6.5,7.26,6.49,6.74,6.89,-100,-100,-100,5.89,5.78,5.45,5.68,4.92,4.22,5.28,4.62,5.1,5.02,5.7,5.32,5.04,4.93,4.92,5.13,5.2,5.32,5.06,5.06,5.05,5.1,4.8,5.12,5.14,4.86,4.86,4.99,4.64,5.32,5.63,5.8,5.78,6.14,6.12,6.23,6.76,7.27,7.22,7.21,6.83,6.09,5.6,5.53,5.92,6.12,6.14,6.49,6.5,6.54,6.5,6.4,6.43,6.44,6.52,6.56,6.44,6.69,6.63,6.96,7.16,7.51,7.66,7.2,7.31,7.15,7.06,6.82,6.68,6.58,6.24,5.9,4.86,5.04,4.74,5.6,5.04,4.29,4.91,3.88,3.92,4.02,4.92,5.72,7.06,7.61,7.8,8.74,7.21,7.3,7.45,7.28,7.6,7.99,7.85,7.61,6.89,6.79,6.63,6.21,6.15,5.83,5.56,4.48,4.42,4.35,4.52,4.41,4.32,3.69,3.75,4.04,3.44,3.28,3.02,3.04,3.7,2.78,3.02,2.98,3.96,3.72,4.11,4.14,4.16,4.79,4.72,4.62,5.02,4.91,5.16,5.71,5.98,6.28,6.74,6.9,7.02,6.84,6.7,7.2,7.14,7.13,7.2,7.32,7.02,6.78,6.7,6.66,6.82,7.06,6.87,6.85,7.29,7.73,8.16,7.62,7.6,7.78,7.8,7.21,7.21,7.54,7.64,7.61,7.62,7.52,7.21,7.1,7.07,6.97,7.21,7.04,7.1,7.42,6.99,6.8,6.84,6.79,7.01,7.2,7.57,7.58,7.68,8.34,9.34,8.62,8.22,8.26,8.8,9.04,8.26,8.13,7.94,7.74,7.64,7.63,7.52,7.49,7.68,7.36,7.8,7.88,7.71,6.76,5.66,5.56,6.59
10.37,10.4,9.24,8.65,8.38,8.25,7.45,7.19,7.06,7.74,7.94,8.92,9.74,9.54,9.46,9.2,9.4,9.75,9.51,9.44,9.41,9.7,9.65,10.06,10.09,9.12,9.56,9.52,9.42,9.46,9.42,9.06,9.02,8.92,8.44,8.08,7.68,7.48,7.2,7.33,6.06,6.02,5.58,5.31,5.14,5.64,5.7,6.25,7.07,6.48,6.37,5.72,5.08,5.54,5.56,4.83,5.34,5.64,5.88,6.28,5.22,3.85,2.56,3.44,3.16,2.88,2.66,2.84,3.9,2.66,3.66,3.26,3.59,4.74,4.71,5.16,5.54,6.09,6.28,5.92,5.41,5.41,5.64,4.18,3.48,3.99,3.92,4.68,4.48,4.3,4.2,4.74,4.8,5.02,4.62,4.38,3.86,4.69,3.88,3.98,3.68,3.21,2.86,2.84,3.3,2.99,2.97,2.86,2.6,2.3,2.26,2.32,2.71,3.14,3.32,3.51,4.06,4.12,4.66,5.55,6.82,6.82,7.6,7.4,7.33,8.02,8.02,8.47,6.48,5.84,5.73,5.33,5.02,4.74,4.25,5.16,4.57,5.15,4.99,5.36,5.09,4.88,4.76,4.78,4.92,4.84,5.06,4.78,4.86,4.76,4.84,4.51,4.74,4.68,4.6,4.62,4.86,4.41,4.87,5.4,5.52,5.74,5.69,5.8,5.92,6.52,7.24,7.01,6.78,6.33,5.7,5.14,5.08,5.5,5.61,5.83,6.11,6.14,6.24,6.26,6.14,6.14,6.18,6.25,6.22,6.2,6.37,6.42,6.7,6.83,7.06,7.36,6.93,7.04,6.86,6.72,6.66,6.23,6.18,6.08,5.49,4.88,4.45,3.79,5.1,4.2,3.94,3.68,3.72,3.12,2.94,3.46,4.54,5.78,6.92,8.05,8.54,-100,6.98,6.94,7.42,7.88,8.2,7.89,7.68,6.73,6.6,6.69,6.45,6.06,5.84,5.1,4.65,4.18,3.68,4.16,4.3,3.55,3.2,3.12,3.04,2.59,1.98,2.2,2.02,2.12,2.02,2.2,2.7,2.88,2.89,3.15,4.24,4.52,4.52,4.48,4.46,4.92,4.62,4.84,5.24,5.72,6.14,6.6,7,7.8,7.58,7.62,7.79,7.62,7.32,7.44,7.47,6.84,6.73,6.46,6.36,6.76,6.72,6.63,6.5,7.21,7.73,7.64,7.61,7.47,7.64,7.52,6.96,6.84,7.21,7.18,7.2,7.36,7.22,6.88,6.89,6.79,6.94,7.06,6.82,7.02,7.08,6.87,6.66,6.59,6.54,6.87,7.04,6.94,7.7,8.39,8.61,9.42,8.92,8.48,8.4,9.56,9.26,8.74,8.2,7.8,7.57,7.6,7.51,7.5,7.3,7.07,7.17,7.4,7.6,7.54,6.77,6.24,5.48,5.83
10.54,10.7,9.26,8.54,8.24,8.17,7.6,7.3,7.21,7.52,7.8,9.18,10.12,9.98,9.82,9.63,9.65,10.08,9.72,9.75,9.81,9.98,9.9,10.22,10.3,9.42,9.84,9.3,9.54,9.55,9.55,9.04,9.16,8.9,8.64,8.12,7.65,7.72,6.96,7.34,6.02,6.38,5.92,5.76,5.66,5.5,6.04,6.68,7.22,6.94,6.76,6.32,5.44,6.01,5.87,5.19,5.5,6.03,6.32,6.52,5.63,4.19,2.84,3.66,2.68,3.06,2.96,4.08,4.22,3.08,3.85,3.55,3.92,5.08,5.02,5.33,5.7,6.36,6.6,6.24,5.81,5.82,5.73,4.42,3.75,4.3,4.26,4.9,4.59,4.46,3.88,4.96,4.78,5.2,4.95,4.64,3.71,4.84,4.22,4.26,3.98,3.56,3.34,3.13,3.6,3.3,3.3,3.26,3.14,2.45,2.52,3.12,3.07,3.49,3.58,3.7,4.32,4.58,5.01,5.3,6.52,7.04,7.03,6.72,6.52,6.81,6.82,6.5,6.02,5.92,5.81,5.54,5.29,4.26,3.87,4.42,3.98,4.53,4.56,5.28,5.33,4.8,4.65,4.72,5.02,5.16,5.26,5.09,5.14,4.86,5.02,4.7,4.98,4.88,4.69,5.05,5.08,4.39,5.05,5.55,5.6,5.78,6,6.09,6.2,6.85,-100,-100,-100,-100,-100,-100,5.82,5.84,5.96,6.16,6.4,6.4,6.44,6.52,6.36,6.35,6.37,6.46,6.52,6.44,6.58,6.7,6.9,7.08,7.39,7.65,7.09,7.21,7.08,7.01,6.89,6.42,6.46,6.29,5.68,4.5,4.57,4.64,5.46,4.74,3.56,4.78,3.66,3.74,3.5,5.16,5.79,7,7.04,7.32,8.44,7.6,7.98,7.22,7.28,7.53,7.76,8,7.76,6.89,6.64,6.62,5.89,5.42,4.9,4.68,3.98,3.65,4.52,4.07,4.14,3.71,3.84,3.62,4.1,3.64,3.08,2.54,2.18,2.84,1.76,2.26,2.6,3.16,3.62,3.61,3.94,3.89,4.18,4.8,4.72,5.08,4.93,5.14,5.66,5.89,6.3,6.48,6.68,7.21,6.97,6.84,7.17,7.1,7.2,7.36,7.54,6.95,6.88,6.7,6.04,6.93,6.98,6.8,6.73,7.17,7.9,7.87,7.67,7.52,7.68,7.63,6.96,6.96,7.04,7.14,7.3,7.44,7.32,7.13,7.04,6.79,6.86,7.19,6.91,6.8,7.2,7.06,6.81,6.72,6.76,7.08,7.2,7.91,7.71,8.06,8.49,9.13,8.84,8.46,8.34,9.14,9.24,8.44,8.19,7.95,7.62,7.49,7.56,7.38,7.21,6.8,7.06,7.38,7.42,7.56,6.32,5.42,5.25,6.84
10.34,10.42,9.16,8.47,8.3,8.2,7.52,7.19,7.19,7.28,7.88,8.76,9.66,9.45,9.34,9.24,9.14,9.64,9.38,9.38,9.39,9.62,9.46,10.03,9.83,8.84,8.76,9.29,9.14,9.18,9.21,8.92,9.1,8.64,7.85,7.08,6.36,7.2,6.62,7.15,5.63,5.56,5.55,5.46,5.18,5.28,5.58,6.29,6.96,6.51,6.14,5.8,5.09,5.39,5.46,4.82,5.2,5.48,5.56,5.67,5.3,3.95,2.5,3.17,2.3,2.56,1.36,2.46,3.94,2.91,3.91,3.46,3.84,5.09,4.83,5.2,5.66,6.26,6.48,5.91,5.43,5.44,5.63,4.27,3.52,4.02,4.04,4.54,4.21,4.1,3.42,4.62,4.18,4.6,4.61,4.35,3.22,4.63,3.97,4.02,3.69,3.35,2.96,2.83,3.28,2.99,3.02,3.02,2.73,1.88,2.16,2.68,2.72,2.9,2.99,3.08,4.19,4.52,4.86,5.17,5.66,5.6,5.45,5.84,6.02,5.64,5.88,5.73,5.8,5.72,5.56,5.04,4.08,3.04,3.04,3.14,3.56,3.68,4.29,4.64,5,4.24,4.37,4.17,4.56,4.74,4.98,4.78,4.8,4.63,4.78,4.42,4.36,4.5,4.08,4.13,4.7,3.6,4.9,5.34,5.21,5.6,5.7,5.85,5.96,6.62,7.1,6.94,6.7,6.4,5.75,5.26,5.32,5.64,5.86,5.93,6.15,6.12,6.2,6.16,6.12,6.02,6.03,6.24,6.2,6.12,6.33,6.34,6.67,6.62,6.88,7.15,6.78,7,6.62,6.56,6.42,5.66,5.98,5.73,4.71,3.59,3.1,3.71,4.51,3.74,3.58,3.2,2.5,2.78,2.31,3.48,4.56,5.62,6.62,-100,-100,-100,-100,-100,-100,8.2,7.84,7.78,7.4,6.73,6.4,6.54,5.71,4.82,3.64,3.99,3,2.63,2.68,3.04,2.86,2.37,2.63,2.64,2.99,2.54,1.41,1.36,1.06,1.36,1.28,0.97,1.64,2.42,2.56,2.88,3.46,3.47,3.74,4.34,4.04,4.06,4.22,4.76,5.4,5.88,6.24,6.34,6.6,6.79,6.96,7.19,7.36,7.1,7.14,7.21,7.21,6.85,6.64,6.34,5.69,6.78,6.93,6.82,6.73,7.21,7.68,7.62,7.52,7.49,7.62,7.65,7.06,6.66,6.74,6.99,7.18,7.26,7.21,6.77,6.9,6.81,6.9,7.02,6.92,6.84,7.1,6.9,6.75,6.68,6.72,6.97,7.04,7.17,7.52,7.95,8.14,8.32,8.57,8.18,8.27,8.82,9.06,8.34,8.08,7.9,7.58,7.51,7.45,7.46,7.05,6.52,6.79,7.24,7.21,7.3,6.26,4.84,4.45,5.69
10.2,10.32,8.9,8.27,8.14,7.92,7.21,6.86,6.89,7.32,7.87,8.82,9.65,9.52,9.42,9.28,9.2,9.58,9.32,9.32,9.42,9.58,9.59,9.93,9.89,8.99,9.34,9.13,9.31,9.32,9.16,8.7,8.71,8.64,8.43,7.88,7.58,7.36,6.94,7.28,6.35,6.36,5.52,5.34,5.32,5.16,5.52,6.37,6.88,6.5,6.14,5.88,4.94,5.61,5.33,4.62,5.08,5.56,5.91,6.19,5.23,3.61,2.38,3.3,2.52,2.56,2.81,4.3,3.67,2.51,3.32,3.02,3.36,4.46,4.54,4.99,5.28,6.01,6.06,5.8,5.36,5.38,5.38,3.98,3.28,3.88,3.86,4.39,4.24,4.08,3.92,4.69,4.68,4.82,4.57,4.38,4.16,4.5,3.76,3.86,3.44,3.18,2.9,2.9,3.08,2.78,2.8,2.82,2.58,2.39,2.66,2.85,2.84,3,3.24,3.4,3.94,4.12,4.45,5.2,7.55,7.37,8.56,7.62,6.53,7.68,6.78,7.98,6,5.88,5.66,5.32,5.01,4.6,4.68,4.74,4.64,4.58,4.96,5.03,4.91,4.7,4.51,4.56,4.67,4.72,4.87,4.6,4.68,4.56,4.52,4.24,4.61,4.74,4.64,4.72,4.83,4.63,4.94,5.37,5.36,5.46,5.68,5.58,5.7,6.33,6.97,6.73,6.77,6.3,5.46,4.91,4.92,5.26,5.36,5.56,5.9,5.94,5.96,5.94,5.84,5.84,5.86,5.98,5.98,5.96,6.12,6.2,6.6,6.68,6.91,7.21,6.68,6.82,6.66,6.57,6.39,6.06,6.1,5.97,5.46,5.36,5.22,4.88,5.28,5.1,5.08,4.55,4.48,4.4,4.72,6.64,5.84,7.12,7.08,7.96,9.58,7.46,7.29,6.84,7.21,7.38,7.48,7.53,7.36,6.58,6.66,6.56,6.44,6.29,6.26,6.23,6.15,5.84,5.62,5.46,4.74,4.24,3.87,4.06,3.94,3.98,3.37,4.22,4.4,4.08,3.52,3.38,3.46,3.93,3.8,4.25,4.08,4.21,4.4,4.38,4.31,4.83,4.46,4.64,5.23,5.58,5.82,6.01,6.82,7.8,6.68,6.36,7.21,7.05,6.6,6.94,7,6.69,6.58,6.52,6.58,6.74,6.7,6.63,6.63,7.18,7.84,7.8,7.52,7.46,7.52,7.32,6.69,6.55,7.16,7.35,7.13,7.2,7.08,6.74,6.76,6.83,6.8,7.06,6.69,6.98,7.02,6.64,6.42,6.4,6.4,6.58,6.71,7.38,7.21,7.57,8.26,11.06,8.98,7.74,7.61,8.56,8.8,7.73,7.54,7.48,7.21,7.34,7.32,7.3,7.21,7.32,7.31,7.13,7.31,7.3,6.94,6.2,6.78,7.21
10.46,10.52,9.12,8.4,8.29,8.18,7.49,7.06,7.16,7.34,7.82,8.94,9.66,9.48,9.35,9.19,9.16,9.77,9.4,9.39,9.4,9.58,9.5,9.84,9.82,8.78,9.12,9.21,9.28,9.24,9.11,8.84,8.81,8.64,8.32,7.6,7.34,7.33,7.14,7.15,5.62,5.36,5.4,5.14,4.78,5.17,5.54,6.3,6.94,6.47,6.2,5.63,5.04,5.33,5.41,4.7,5.09,5.54,5.84,6.08,5.32,3.9,2.55,3.25,2.81,2.88,2.5,3.68,4.04,2.78,4.07,3.29,3.62,5.7,4.68,5.05,5.45,6.22,6.32,5.97,5.47,5.59,5.72,4.28,3.46,4.02,4,4.66,4,4.36,3.9,4.72,4.55,5.02,4.74,4.25,3.87,4.62,3.94,3.86,3.67,3.31,2.87,2.6,3.3,2.94,3.01,3,2.64,1.9,2.42,2.68,2.62,3.02,3.02,3.39,4.28,4.21,4.78,5.28,6.42,5.98,7.04,6.78,6.84,7.07,5.95,5.83,5.68,5.68,5.62,5.28,4.7,3.4,3.63,3.86,4.01,4.72,4.98,5.04,5.11,4.6,4.76,4.66,4.75,4.88,5.06,4.8,4.9,4.69,4.83,4.49,4.57,4.95,4.62,4.73,4.94,4.44,4.99,5.38,5.44,5.74,5.89,5.86,5.86,6.56,7.21,6.94,6.72,6.3,5.62,5.18,5.16,5.46,5.66,5.73,6.14,6.12,6.24,6.28,6.16,6.08,6.02,6.2,6.18,6.14,6.2,6.44,6.75,6.82,7.21,7.39,6.99,7.1,6.92,6.78,6.72,6.36,6.14,6.19,5.54,4.22,3.32,4.16,4.92,3.83,4.06,4.14,3.42,2.94,2.66,4.82,5.22,7.15,7.06,-100,-100,-100,-100,-100,-100,7.44,7.46,7.6,7.22,6.74,6.68,6.66,6.03,5.44,4.55,4.2,3.5,3.19,3.32,3.12,3.26,2.74,1.92,1.82,2.86,2.53,1.32,1.18,1.37,1.63,0.94,1.1,1.98,2.22,2.7,2.98,3.58,3.78,4.16,4.42,4.28,4.46,4.66,4.8,5.3,5.62,6.06,6.6,6.28,6.91,6.57,6.51,6.84,6.74,6.75,6.97,7.02,6.78,6.64,6.59,6.38,6.79,6.85,6.74,6.66,7.3,7.83,7.94,7.62,7.46,7.71,7.54,7,6.72,7.22,7.21,7.08,7.22,7.32,6.72,6.93,6.88,6.97,7.1,6.76,6.94,7.18,6.84,6.64,6.66,6.64,6.8,6.85,7.86,7.38,7.58,7.7,8.54,8.36,7.82,7.86,8.38,8.76,8.14,7.78,7.64,7.36,7.39,7.38,7.38,7.42,6.4,7.3,7.18,7.21,7.26,6.39,5.12,4.82,5.56
10.6,10.62,9.28,8.44,8.32,8.16,7.6,7.3,7.24,7.52,7.93,9.22,9.94,9.74,9.67,9.54,9.5,9.88,9.65,9.66,9.76,9.9,9.76,10.2,10.1,9.26,9.55,9.45,9.7,9.54,9.5,9.1,9.2,9,8.54,7.96,7.6,7.45,6.82,7.24,6.16,6.48,5.9,5.62,5.6,5.42,6.15,6.68,7.22,6.81,6.56,6.2,5.28,5.8,5.6,4.98,5.42,5.9,6.08,6.22,5.44,4.08,2.72,3.58,2.9,2.82,2.76,3.92,4.16,3.04,3.98,3.58,3.84,5.3,5.06,5.32,5.69,6.55,6.59,6.15,5.69,5.66,5.84,4.37,3.66,4.22,4.14,4.76,4.47,4.28,3.78,4.9,4.7,5.08,4.98,4.6,3.64,4.84,4.1,4.13,3.86,3.51,3.32,3.14,3.48,3.14,3.16,3.14,3.05,2.37,2.4,3.16,2.96,3.06,3.42,3.67,4.48,4.56,4.98,5.73,6.42,5.96,7.38,6.5,6.76,6.91,6.56,6.58,6.14,5.98,5.86,5.56,4.97,4.34,3.6,4.18,4.09,4.62,4.8,5.28,5.23,4.79,4.76,4.76,4.92,5,5.16,4.96,5.02,4.82,4.93,4.62,4.7,4.86,4.72,4.9,5.08,4.36,5.36,5.58,5.68,5.76,6.05,5.99,6.2,6.86,-100,-100,-100,-100,-100,-100,5.76,5.8,5.87,5.98,6.32,6.29,6.31,6.4,6.27,6.26,6.28,6.42,6.43,6.4,6.54,6.53,6.87,6.94,7.22,7.44,7.02,7.18,6.94,6.87,6.7,6.32,6.36,6.06,5.8,4.48,4.58,4.89,5.1,4.54,3.52,4.72,3.62,3.73,3.46,5.1,5.76,7.32,7.86,7.76,8.34,7.62,7.7,7.34,7.42,7.63,7.87,7.94,7.77,6.92,6.53,6.77,5.88,5.05,4.84,4.56,3.65,3.62,4.74,4.01,4.3,3.82,3.69,3.69,4.02,3.62,3.14,2.52,2.16,2.43,1.72,2.38,2.56,3.31,3.74,3.74,3.88,3.8,4.36,4.71,4.54,4.96,4.83,5.12,5.72,5.94,6.3,6.48,6.79,7.27,6.8,6.77,7.19,6.95,7.18,7.45,7.46,7.1,6.98,6.83,5.96,7.09,7.05,6.84,6.77,7.16,8.14,8,7.79,7.62,7.85,7.69,7.09,7,7.27,7.19,7.48,7.57,7.46,7.21,7.19,6.8,7.12,7.39,7.13,6.98,7.31,7.05,6.87,6.78,6.81,7.1,7.21,7.7,7.56,7.97,7.9,9.02,8.56,8.36,8.19,8.6,9.23,8.41,8.14,8.01,7.69,7.68,7.64,7.66,7.48,6.72,7.06,7.39,7.49,7.51,6.42,5.36,5.26,6.14
10.7,10.8,9.36,8.67,8.62,8.44,7.8,7.46,7.52,7.88,8.06,9.54,10.26,10.02,9.86,9.62,9.46,10.26,9.94,9.84,9.92,10.02,10,10.32,10.34,9.43,9.91,9.6,9.88,9.76,9.55,9.25,9.41,9.1,8.5,8.29,7.97,7.82,7.38,7.7,6.68,6.62,6.08,5.82,5.81,5.59,6.55,6.83,7.38,6.96,6.71,6.28,5.62,6.18,5.93,5.22,5.82,6.05,6.34,6.5,5.71,4.22,2.92,3.6,2.94,3.1,3.54,4.72,4.2,3.19,4.14,3.77,4.08,5.15,5.18,5.49,5.9,6.71,6.66,6.38,5.86,5.92,5.92,4.47,3.94,4.6,4.56,5.12,4.58,4.92,4.38,4.99,4.65,5.38,5.07,4.98,3.98,4.98,4.28,4.4,4.09,3.7,3.49,3.42,3.74,3.41,3.42,3.44,3.23,2.79,2.98,3.26,3.39,3.65,3.52,3.96,4.59,4.66,5.08,5.62,6.4,6.3,7.28,6.36,6.72,6.46,-100,-100,-100,6.1,6,5.74,5.2,4.78,4.4,4.94,5,4.97,5.2,5.56,5.37,5.09,4.88,5.04,4.99,5.24,5.25,5.07,5.22,5.16,5.13,4.86,4.92,5.14,4.75,4.87,5.18,4.5,5.6,5.73,5.89,5.92,6.22,5.9,6.24,6.91,7.5,7.06,7.28,6.94,6.17,5.64,5.61,5.92,6.14,6.21,6.43,6.5,6.64,6.64,6.5,6.54,6.58,6.6,6.56,6.48,6.84,6.78,7.04,7.2,7.39,7.7,7.21,7.32,7.29,7.17,7.12,6.64,6.55,6.43,5.96,5.52,4.74,4.72,5.58,5.34,5.08,4.82,3.89,4.26,4.28,5.71,6.02,6.88,7.2,7.4,7.91,7.51,7.52,7.35,7.54,7.65,7.74,8.03,7.88,7.08,6.99,6.96,7.04,6.4,5.5,5.47,4.3,4.52,5.06,4.6,4.6,4.19,4.28,4.02,4.2,3.88,3.4,3.15,3,3.86,2.72,2.98,3.38,3.82,3.76,3.76,4.22,4.18,4.74,4.84,4.74,5.16,4.96,5.1,5.66,5.9,6.6,6.6,6.68,7.14,6.72,6.6,7.21,6.86,7.06,7.34,7.47,7.19,7.06,6.84,6.8,7.2,7.14,6.98,6.98,7.64,8.19,8.08,7.68,7.84,7.89,7.67,7.62,7.03,7.52,7.68,7.56,7.66,7.6,7.38,7.37,7.28,7.22,7.41,7.23,7.44,7.42,7.2,7.04,7.09,7,7.18,7.22,7.72,7.62,7.98,8.52,9.14,8.66,8.39,8.17,8.6,9.47,8.39,8.34,8.1,7.96,7.92,7.95,7.86,7.73,7.66,7.66,7.63,7.75,7.82,7.24,6.06,5.93,7
