0,0.208214493,0.214336791,0.398029346,0.23831056,0.297326923,0.433552851,0.345691023,0.389041808,0.343980158,0.391178214,0.337026814,0.309119686,0.377204909,0.410400271,0.449294596,0.44682232,0.450133046,0.261490491,0.414585517,0.311969147,0.40896743,0.4230314,0.30087148,0.340727394,0.436103905,0.462833221,0.456627754,0.4405312,0.301949342,0.399246594,0.355857814,0.290488328,0.320088659,0.338391718,0.337664427,0.269499069,0.416464312,0.347430585,0.28109145,0.396041064,0.294145673,0.27548372,0.270925485,0.263613737,0.458304393,0.208421447,0.188303601,0.204382801,0.182747482,0.340898758,0.256060492,0.41816221,0.437981851,0.377969992,0.257554835,0.194666556
0.210220649,0,0.265320799,0.412015626,0.273454552,0.322608443,0.450340655,0.34392463,0.444875416,0.373794681,0.412746079,0.382277508,0.315858958,0.382472363,0.417514853,0.473425659,0.491524732,0.499843553,0.310669248,0.411226439,0.320957657,0.415402227,0.418910017,0.32543274,0.34513739,0.461138813,0.489883735,0.490070686,0.457082237,0.354012905,0.438680678,0.394921688,0.295816912,0.361648577,0.351751666,0.375053355,0.329303683,0.418228084,0.370911922,0.333903736,0.383612367,0.328037083,0.319202658,0.281451718,0.296004741,0.487317179,0.181091213,0.167777556,0.155071518,0.202339797,0.37579926,0.257348121,0.419625494,0.461424122,0.34720368,0.249374569,0.134184344
0.212934141,0.261049459,0,0.33285644,0.233888066,0.220876312,0.443494786,0.268939748,0.309076164,0.280113906,0.397175947,0.317706342,0.362424209,0.398147271,0.431891103,0.457895559,0.396100346,0.401953059,0.309010028,0.41232962,0.326828586,0.423713042,0.447264397,0.219576136,0.31086628,0.418151998,0.445598401,0.448206714,0.458402814,0.268542151,0.356323632,0.405390819,0.346501712,0.280698523,0.250590559,0.373943239,0.211280756,0.366189935,0.289760131,0.281244402,0.328935164,0.272518877,0.250412448,0.338474873,0.18037305,0.511935743,0.281920384,0.258367061,0.273961194,0.253914991,0.348692358,0.336465402,0.469499605,0.40133764,0.421269704,0.335836838,0.251955472
0.3749194,0.384344419,0.31563711,0,0.323815425,0.275647261,0.665884098,0.183843956,0.45709318,0.484830244,0.62273955,0.521059785,0.549769757,0.612832988,0.614175526,0.669152926,0.556840533,0.418586424,0.472490277,0.614639042,0.494860089,0.635052993,0.641736488,0.368062472,0.493289397,0.625909313,0.65868048,0.661043637,0.667132068,0.322126745,0.404819629,0.461725509,0.523539861,0.444794687,0.223087728,0.585320844,0.338243378,0.319697514,0.218175626,0.341382493,0.1823815,0.363369891,0.33463993,0.522462136,0.311645252,0.682863113,0.394244115,0.378383182,0.413003579,0.408771165,0.512117151,0.498494439,0.654597214,0.327225303,0.603097273,0.503681435,0.3763875
0.230494766,0.261941346,0.227678958,0.33254069,0,0.228088557,0.474993579,0.291468959,0.393872459,0.377821429,0.437222216,0.325502862,0.352593351,0.449151973,0.454786309,0.483018124,0.463264606,0.412207132,0.255216534,0.469080328,0.33048595,0.4344676,0.455438214,0.312213416,0.364686433,0.472885384,0.491325201,0.499325502,0.45440699,0.227879375,0.34644809,0.291997727,0.313620703,0.301604486,0.309072791,0.380800686,0.234137704,0.370838615,0.261954991,0.210431523,0.362816025,0.220894798,0.209212045,0.313398477,0.253968154,0.462490676,0.284487377,0.255430781,0.266233876,0.246701403,0.319159091,0.289155462,0.454708052,0.350109384,0.410241889,0.30144231,0.242180916
0.295058393,0.31710745,0.220715173,0.29047291,0.234115194,0,0.536319166,0.229755058,0.391940822,0.389513035,0.473330071,0.364628914,0.444290003,0.485462024,0.499418892,0.535189067,0.487505968,0.416451042,0.383418593,0.488992137,0.354425568,0.498988616,0.524006484,0.265304462,0.355347852,0.516458639,0.545070475,0.54926027,0.536770812,0.267308158,0.379838385,0.430345787,0.4045884,0.340280424,0.214997158,0.475194119,0.215761453,0.294481282,0.18586089,0.257757134,0.297415196,0.258478244,0.265030061,0.402415152,0.220646321,0.571039931,0.340209591,0.32012992,0.34603007,0.323853175,0.355920219,0.401694365,0.55734031,0.346939516,0.481975642,0.414898174,0.310767626
0.490894561,0.504720309,0.504916912,0.799149297,0.555803193,0.611655281,0,0.710029525,0.563905937,0.442535222,0.263796324,0.387048891,0.3169805,0.266614236,0.353957025,0.263329215,0.544912021,0.718584141,0.431633417,0.298200871,0.420255821,0.205243082,0.29381496,0.544111205,0.405465859,0.285509884,0.29277472,0.261878746,0.202148765,0.608064553,0.65587587,0.64289348,0.378232254,0.473633552,0.688882301,0.315135313,0.556776978,0.70797528,0.713049768,0.603358399,0.769291695,0.560207645,0.583706342,0.389716748,0.534987378,0.402953655,0.552149586,0.517440323,0.485960484,0.469181773,0.45800685,0.439783727,0.30270668,0.787782362,0.349453725,0.411376462,0.509336157
0.336847459,0.331931473,0.263866304,0.19021607,0.2935445,0.225527033,0.611939184,0,0.421464954,0.426733335,0.561780176,0.471899851,0.503251376,0.550304083,0.563046671,0.612412649,0.5150431,0.419652777,0.445013237,0.554331071,0.442141544,0.581517593,0.592131262,0.312584863,0.422981161,0.574193099,0.605852793,0.611242367,0.620045152,0.302854095,0.388447526,0.460473013,0.472759236,0.402925611,0.176480234,0.535315802,0.296688035,0.293717691,0.200203847,0.33229608,0.177823005,0.329012679,0.291050756,0.483000801,0.247421534,0.645507092,0.35956941,0.338173424,0.370776542,0.372387326,0.470696849,0.466164706,0.610248513,0.358922047,0.547015846,0.468849911,0.333748944
0.386791353,0.438092017,0.308943293,0.481822311,0.405023596,0.392629334,0.494182087,0.430120544,0,0.205652689,0.486424143,0.456668268,0.488168336,0.500528107,0.584969309,0.510096306,0.218013073,0.290467314,0.433382117,0.529793269,0.422424758,0.524435681,0.587275449,0.25963756,0.46703074,0.418115875,0.414573652,0.434915398,0.528312552,0.352944442,0.319862201,0.507374469,0.482678847,0.434912425,0.42429739,0.42507953,0.321459464,0.458892884,0.437200812,0.422903708,0.451123092,0.331669701,0.367450178,0.43964419,0.387321515,0.632857328,0.465175045,0.451656383,0.452364325,0.427797266,0.479344731,0.49703062,0.555547895,0.451412155,0.484753698,0.465686752,0.430985138
0.349784084,0.376356381,0.286303419,0.522555697,0.397328751,0.398926352,0.397477325,0.445069328,0.210482124,0,0.399118298,0.419822296,0.407630796,0.39985098,0.500136369,0.431819563,0.200207984,0.405143165,0.400192853,0.425786189,0.380331281,0.437650503,0.494437192,0.243619397,0.390950409,0.334100959,0.333614785,0.339573367,0.451866192,0.389160792,0.373575171,0.516826441,0.409390847,0.396987541,0.429376286,0.352045558,0.344166495,0.483181592,0.469244365,0.440911159,0.474591976,0.369637601,0.378827956,0.380082871,0.360980895,0.57757257,0.413638714,0.396078254,0.391048805,0.372700911,0.449838353,0.435368809,0.481750851,0.522913807,0.411364728,0.394819546,0.381663764
0.446270415,0.466237556,0.456040329,0.754011164,0.515944,0.543983518,0.265717895,0.657488893,0.55865908,0.447870599,0,0.314844659,0.355450049,0.204336068,0.321277797,0.254213757,0.568196487,0.724974552,0.428395565,0.287392856,0.340101873,0.228550921,0.329864901,0.50446257,0.324859527,0.357737335,0.362475736,0.374307244,0.264308215,0.575721272,0.646606946,0.648767206,0.349131078,0.457174916,0.630389701,0.380412213,0.509351747,0.655353986,0.653407415,0.546882241,0.73654005,0.519284968,0.539825577,0.358170038,0.47977963,0.406508006,0.496061482,0.48305848,0.442053779,0.424153537,0.363768939,0.410513193,0.38384046,0.743078916,0.301972962,0.409039905,0.471950173
0.363680026,0.408443703,0.344951245,0.596582358,0.363135295,0.39622147,0.367383101,0.52220029,0.495904252,0.445432264,0.297688178,0,0.344739066,0.358941858,0.360584699,0.369916169,0.553954695,0.593909375,0.321716983,0.402094825,0.278216924,0.310987841,0.372214253,0.440888222,0.316099504,0.390010464,0.420587833,0.43684971,0.337103172,0.41286723,0.552057326,0.494535035,0.340090421,0.299418864,0.496763161,0.361997979,0.382807778,0.518543125,0.486959976,0.371993595,0.60977943,0.377316764,0.41022866,0.320998349,0.371535234,0.367449868,0.431478485,0.415418475,0.386618527,0.365688221,0.251546267,0.355780598,0.414525136,0.581124395,0.384566274,0.38803673,0.392383824
0.32572313,0.329367434,0.384117725,0.614454954,0.383712457,0.471580339,0.294739351,0.54377935,0.517160171,0.422170604,0.32780618,0.336587816,0,0.303434166,0.326493419,0.326140828,0.533587154,0.613976472,0.238241339,0.347420609,0.343958925,0.263814369,0.280221606,0.464086809,0.337879381,0.350856182,0.375680316,0.375261464,0.279502368,0.451569316,0.544486499,0.457006858,0.243093126,0.341998002,0.538149357,0.229676444,0.443265627,0.559701792,0.552909862,0.427638451,0.600348109,0.424020192,0.411895771,0.263567782,0.415722086,0.318735313,0.388322153,0.352348277,0.319537592,0.325206784,0.372396244,0.264417958,0.219921421,0.640650893,0.283106317,0.234266042,0.33289589
0.425530172,0.427220336,0.451899983,0.73348584,0.523908845,0.551495898,0.265922221,0.636634436,0.568231871,0.443521277,0.20198095,0.375253049,0.325199796,0,0.244492942,0.275427406,0.580054681,0.743781942,0.438782209,0.222082165,0.388422552,0.244970981,0.26894435,0.494699505,0.283849396,0.349779926,0.36404401,0.368188948,0.293461358,0.603089031,0.675767998,0.656291203,0.368536874,0.430739821,0.607366699,0.362114635,0.538541644,0.641072462,0.664424791,0.578991652,0.696767483,0.546268942,0.562998599,0.365287404,0.47694152,0.43196608,0.462435772,0.441655351,0.401756794,0.41645886,0.441684915,0.411081796,0.32839483,0.777650306,0.297820736,0.399166207,0.443209669
0.441160401,0.4441581,0.466950528,0.70047845,0.505280215,0.540458268,0.336408775,0.620185193,0.632712698,0.528312036,0.302591797,0.359594888,0.333598066,0.232887824,0,0.369115644,0.661716245,0.783267546,0.435850846,0.246513315,0.441497977,0.244417395,0.187473109,0.534564582,0.259064505,0.431360378,0.463083108,0.464217618,0.304693717,0.61126032,0.706536688,0.629171811,0.390836997,0.372392182,0.590055668,0.417192046,0.561775779,0.625316058,0.649788862,0.571713712,0.675495087,0.575063464,0.575588872,0.415589088,0.470135337,0.340480072,0.468975948,0.438611787,0.406421163,0.427407968,0.426597382,0.410050801,0.323799137,0.785935073,0.363363223,0.422877079,0.45500467
0.521254563,0.543832801,0.534343375,0.823437036,0.579287021,0.625252186,0.269722817,0.728605599,0.59553907,0.49258317,0.258419564,0.397708066,0.359391996,0.283248823,0.398381801,0,0.606532861,0.757083138,0.439320233,0.373295391,0.419751524,0.274484576,0.36721976,0.585811606,0.407616215,0.327949136,0.319735882,0.364310998,0.25747532,0.633848192,0.696509945,0.69491919,0.414111419,0.494615446,0.711508427,0.371222136,0.592012804,0.712417117,0.732670155,0.61741306,0.802101315,0.574992311,0.595132755,0.413921638,0.567300063,0.429350023,0.584237612,0.564922475,0.521330853,0.513684835,0.450436314,0.479564337,0.352773991,0.814045522,0.360869141,0.459256858,0.54310757
0.452292394,0.492646404,0.403000148,0.597422866,0.485092679,0.497039135,0.486418442,0.534754672,0.222127987,0.199306431,0.504066165,0.519754184,0.513198699,0.52058609,0.623542817,0.529318408,0,0.388245067,0.482892583,0.558660955,0.467736159,0.540841488,0.613431268,0.323651056,0.526729588,0.413792449,0.3994441,0.399778021,0.54122368,0.434004803,0.383017497,0.559369854,0.503274881,0.507933404,0.525344956,0.403637785,0.413456871,0.571797718,0.537874094,0.510985715,0.564584707,0.424693184,0.441838682,0.463563643,0.470115938,0.660672462,0.520527221,0.506401046,0.499216487,0.474602951,0.528748018,0.526182116,0.550748852,0.547816932,0.475886752,0.4843473,0.488391649
0.445148175,0.489613668,0.39987907,0.439144431,0.421628375,0.414937367,0.622174102,0.425966229,0.288904041,0.393642107,0.627718428,0.543872425,0.576468514,0.651511922,0.720062897,0.644850958,0.378930061,0,0.482858763,0.687475168,0.494604735,0.638307752,0.716411175,0.383421657,0.601059163,0.554864485,0.557377994,0.569714878,0.641604129,0.296825276,0.271608212,0.460711268,0.544865982,0.536381863,0.451050936,0.51649334,0.322436931,0.475111649,0.398959704,0.394920801,0.435818688,0.322683935,0.362808,0.514051254,0.459432055,0.702689109,0.515909977,0.506531565,0.526345302,0.498463065,0.556444062,0.549002884,0.674198293,0.335683702,0.595363373,0.523833945,0.480492198
0.268746913,0.316239901,0.319493115,0.515266901,0.271295253,0.396995557,0.391670952,0.469416182,0.447876044,0.404321331,0.385702843,0.306356529,0.232421456,0.39965896,0.416456924,0.389102473,0.490082098,0.501748201,0,0.452205201,0.310927688,0.35883385,0.388944036,0.422198296,0.382427299,0.403672988,0.423131441,0.433646765,0.353572889,0.345817296,0.445911938,0.3456884,0.263242136,0.314191193,0.471724847,0.262227487,0.360351591,0.512225582,0.453116284,0.316192531,0.533582585,0.315349216,0.303819892,0.258062981,0.369131849,0.366305659,0.350439334,0.320793556,0.299005896,0.28247841,0.338671115,0.222869339,0.339918494,0.504858405,0.354823113,0.228227888,0.294379215
0.446913648,0.438560617,0.447351289,0.702986973,0.523707548,0.530927605,0.284616707,0.612616789,0.577462852,0.452864131,0.271618044,0.401664014,0.355720417,0.212004087,0.246717748,0.346948933,0.598001306,0.752471988,0.475308233,0,0.424431308,0.269241659,0.271956681,0.487623395,0.259802946,0.354201953,0.377856858,0.375612269,0.319963334,0.597350999,0.666637133,0.665393486,0.393858292,0.424551081,0.575475615,0.40647395,0.548669447,0.613589618,0.642068088,0.582932312,0.66263137,0.564954628,0.573788286,0.418465028,0.455706649,0.44831465,0.472619752,0.451942673,0.422164165,0.428511553,0.446613306,0.436739755,0.372413614,0.763982004,0.364771294,0.432762953,0.458921268
0.334714662,0.341102546,0.353088971,0.563893367,0.366772489,0.383264599,0.396474564,0.487088229,0.455929187,0.400985138,0.319540421,0.276468466,0.35061422,0.369193363,0.440568942,0.387957339,0.495368234,0.536766198,0.324728631,0.421918598,0,0.369152083,0.443872552,0.400112934,0.35219087,0.412758732,0.432946108,0.443303705,0.389369741,0.375351153,0.477017024,0.507728333,0.29783491,0.415449189,0.492809843,0.364362113,0.364924377,0.479920212,0.447313079,0.351817777,0.563326529,0.312453091,0.367848177,0.243104463,0.358735327,0.465460781,0.386811043,0.381430224,0.346630888,0.323402677,0.315015552,0.311279625,0.434461198,0.51195019,0.306716666,0.34191302,0.333348996
0.453964125,0.456572121,0.473391433,0.747958623,0.498285779,0.558089578,0.201282011,0.661960265,0.58621853,0.477858537,0.222519126,0.321311668,0.278226716,0.240868374,0.252257746,0.262806279,0.594186513,0.722001296,0.387621331,0.277059555,0.383226036,0,0.21111307,0.531356224,0.33723296,0.358077105,0.371950954,0.372645366,0.14921951,0.580083265,0.653830537,0.612075295,0.332537528,0.421436814,0.639490914,0.347966473,0.524626532,0.664387568,0.66164657,0.55303401,0.727296857,0.531349183,0.549985823,0.358441813,0.490922687,0.298692018,0.502049566,0.473548856,0.432554453,0.422914593,0.383795055,0.386197914,0.281476902,0.751580871,0.308878198,0.379895281,0.463772961
0.46584357,0.456725644,0.495391361,0.749488903,0.518560278,0.581035016,0.286163607,0.668495985,0.651127192,0.535424888,0.31831492,0.379875396,0.293290433,0.262520599,0.191994751,0.348594075,0.667390921,0.798787715,0.416987924,0.278070665,0.455753182,0.209623993,0,0.573219867,0.327603518,0.385438871,0.421428413,0.412537527,0.255121164,0.629883904,0.724055832,0.622358982,0.380639466,0.390687928,0.639033048,0.365637893,0.586724925,0.688560997,0.688196571,0.588554499,0.721898848,0.592351266,0.586314004,0.411333407,0.514635905,0.311111358,0.498568699,0.463552425,0.42448297,0.447889882,0.448765198,0.397942661,0.259424916,0.811238446,0.369045923,0.40648563,0.464979441
0.302020862,0.323566363,0.221843207,0.392149297,0.324073359,0.268279585,0.482419992,0.32201603,0.26208873,0.240383349,0.443578565,0.410019813,0.442234716,0.440065883,0.49941262,0.506726054,0.320796505,0.389135738,0.41237565,0.453756967,0.374194968,0.480700064,0.522403903,0,0.364456272,0.45525746,0.475105914,0.473545243,0.517882157,0.331653224,0.372367276,0.468529479,0.421749736,0.374261369,0.293285456,0.439584124,0.273164352,0.374356454,0.334761851,0.359336367,0.355192281,0.308502647,0.32187395,0.388221004,0.272367486,0.604297919,0.341949005,0.33493733,0.341476578,0.330038857,0.415220211,0.42026518,0.534124337,0.431208673,0.438674499,0.406758331,0.32200068
0.348497804,0.349528139,0.319906843,0.53530674,0.385623924,0.366018783,0.366602625,0.443681244,0.480734445,0.393188331,0.29115459,0.299630895,0.328389486,0.257365678,0.246587671,0.359379372,0.532141029,0.62216151,0.380664947,0.246824311,0.335941138,0.310910121,0.304301946,0.37147694,0,0.366612494,0.413424585,0.421665986,0.362837561,0.46193297,0.567494105,0.557849424,0.369531623,0.287886667,0.410341946,0.396428998,0.413832711,0.455606826,0.469796471,0.443169711,0.504323418,0.424016556,0.423060565,0.363009778,0.320536491,0.438208223,0.3852762,0.360974658,0.335527217,0.350742495,0.32867816,0.385556219,0.394295146,0.620214845,0.353139757,0.385879664,0.354920302
0.472080749,0.494201366,0.455538208,0.718821552,0.528884336,0.563233364,0.272830707,0.637161693,0.456401658,0.355684296,0.339221225,0.392419711,0.360981206,0.334946953,0.433303481,0.305881083,0.443291144,0.612502503,0.42543102,0.354417535,0.417851716,0.349155288,0.37804059,0.490764336,0.387282975,0,0.16766413,0.149550061,0.33719262,0.547294143,0.595944785,0.631515529,0.438567649,0.41375137,0.609013859,0.315546618,0.510153916,0.645839661,0.650345502,0.566214797,0.691126165,0.50973469,0.521394337,0.422710486,0.504881151,0.504581125,0.551217861,0.513464271,0.48337359,0.485855767,0.459320621,0.480949956,0.365033611,0.715076507,0.430294122,0.44806031,0.491944854
0.513006848,0.537470375,0.496408048,0.773513438,0.562940031,0.608541088,0.286607408,0.688159478,0.46310045,0.363608988,0.352274099,0.433767684,0.395698187,0.35730281,0.47673827,0.305581157,0.438052541,0.630186875,0.456480605,0.386250956,0.449247412,0.371281303,0.423385969,0.52457386,0.447619354,0.171684801,0,0.165334531,0.336463217,0.573637776,0.60105428,0.655455955,0.455722407,0.456316298,0.668568016,0.312390508,0.539820722,0.69347411,0.704000447,0.602636624,0.741136114,0.538158505,0.559888672,0.438728077,0.556127153,0.5176736,0.58739082,0.5524207,0.5262463,0.515930766,0.492052581,0.510861491,0.378172315,0.74824578,0.434756758,0.474438111,0.539664744
0.509131892,0.541044671,0.502690425,0.781576381,0.575362755,0.616972634,0.25766032,0.698806527,0.488254815,0.371977263,0.36561454,0.452820411,0.397494261,0.363200756,0.480327634,0.349945917,0.440638622,0.647202014,0.470458404,0.386459454,0.462191443,0.374257201,0.416732714,0.52571154,0.458854062,0.153963656,0.166171684,0,0.353592255,0.582580042,0.612064692,0.660539137,0.458485287,0.477494175,0.674077994,0.314629429,0.545267691,0.711542298,0.707318263,0.613170674,0.748930585,0.553183401,0.566298624,0.449422546,0.556272291,0.531635511,0.595495869,0.553932266,0.530132811,0.517447956,0.509381218,0.511909965,0.38338148,0.759932571,0.450304357,0.473006901,0.539810765
0.495100283,0.508653517,0.518438644,0.795391511,0.527860407,0.607943293,0.200607093,0.714748551,0.598024729,0.499252816,0.260395689,0.352439586,0.298494546,0.291981153,0.318055684,0.249454967,0.601683825,0.734912971,0.386763873,0.332452994,0.409321505,0.151107671,0.259867792,0.579700192,0.398241166,0.350055994,0.341082115,0.356524359,0,0.59797288,0.666620343,0.625317633,0.352212573,0.446656591,0.696085358,0.338359474,0.563664728,0.707035476,0.707716325,0.575705221,0.781941648,0.55059363,0.572662235,0.372053434,0.545220557,0.280132398,0.552743008,0.519729185,0.483425078,0.466767851,0.404593771,0.409006006,0.273478474,0.776671512,0.337371836,0.396754217,0.512728322
0.302273118,0.350971888,0.27059877,0.342250905,0.235954904,0.269782634,0.536741392,0.31120482,0.356026941,0.383254256,0.505353916,0.384158405,0.429392762,0.535081106,0.568645869,0.54712174,0.429829563,0.302054951,0.336999989,0.552819688,0.35098075,0.522526964,0.572481491,0.330965431,0.452017,0.505334452,0.517248581,0.522515927,0.531910978,0,0.2769724,0.361330367,0.394301746,0.379879602,0.343748778,0.428718987,0.229537722,0.359960284,0.25828175,0.20064073,0.368960024,0.181169262,0.207161183,0.372594031,0.293802377,0.559456463,0.380317421,0.355225428,0.378594119,0.331383187,0.369502206,0.395182716,0.54962219,0.280793201,0.488354455,0.39053146,0.336766965
0.391912525,0.426512432,0.352080228,0.421820302,0.351788476,0.37573465,0.567555546,0.391454448,0.315851595,0.360857186,0.556604618,0.502603329,0.507714975,0.58848945,0.645672857,0.589803602,0.371651638,0.269653897,0.4260644,0.604801093,0.43641417,0.576874581,0.645963036,0.364259454,0.545054288,0.539020476,0.53130827,0.537698827,0.580809701,0.271401038,0,0.437374035,0.441664969,0.507864954,0.425844813,0.458997327,0.290842793,0.437930273,0.366035942,0.357386945,0.423556497,0.300949574,0.326032721,0.451689572,0.384999107,0.630630059,0.453004464,0.442746986,0.457873256,0.410169482,0.470451763,0.479714991,0.605691257,0.317957341,0.526790937,0.45522211,0.429386251
0.340181074,0.373942951,0.389804621,0.468370324,0.288603078,0.414393505,0.54152912,0.451901759,0.487669266,0.485232896,0.542822026,0.437675595,0.41603722,0.555524327,0.558615017,0.57210119,0.527439166,0.445180356,0.321427451,0.587528494,0.452188168,0.526578391,0.539494579,0.446135353,0.520884632,0.556785202,0.563853802,0.56561359,0.531136161,0.344810787,0.425726856,0,0.397871631,0.419684605,0.470979089,0.405177648,0.368477712,0.52538339,0.426721061,0.315052811,0.487240444,0.341373058,0.337032384,0.394924194,0.438527757,0.510000373,0.375476307,0.361038432,0.3733162,0.354820696,0.454098254,0.349908346,0.50866298,0.436139798,0.480386019,0.354939016,0.352258777
0.310820118,0.313499935,0.373251809,0.594824972,0.347102351,0.436300886,0.357520974,0.519380634,0.519526429,0.430888324,0.327468856,0.337376802,0.247102668,0.349705385,0.389205951,0.382119133,0.53209662,0.589680104,0.274194101,0.390356834,0.297018583,0.320588496,0.370025448,0.44971798,0.386742639,0.433512325,0.440033493,0.44011277,0.335330763,0.421426339,0.481427254,0.44552899,0,0.414145826,0.524190223,0.292175238,0.394642161,0.53782628,0.508445362,0.383022324,0.595833263,0.385752808,0.382622474,0.260882189,0.396302843,0.365450813,0.358661428,0.336763234,0.306251522,0.29535465,0.346638631,0.245326601,0.335766826,0.573932651,0.292710275,0.239612493,0.325014178
0.326061144,0.364762819,0.287481875,0.480375612,0.317629622,0.349063458,0.426595864,0.420913313,0.445840311,0.397624897,0.408063896,0.282656957,0.330767846,0.388951474,0.351982554,0.434297281,0.511050184,0.552939666,0.311468506,0.400670123,0.394665481,0.387052802,0.361031442,0.379908644,0.286707659,0.38990062,0.419842427,0.437114252,0.405389724,0.386629184,0.526608157,0.447648694,0.39410005,0,0.395432061,0.35509954,0.386280306,0.455006135,0.445406438,0.374768179,0.47979682,0.384059141,0.367680141,0.375046021,0.331929986,0.425044462,0.390470613,0.342001166,0.344380793,0.350151508,0.346457594,0.372782305,0.392969229,0.572764434,0.437348376,0.383689838,0.346289082
0.327830046,0.337552461,0.244442656,0.229486359,0.309542019,0.209814989,0.590107674,0.175455238,0.413344257,0.409281755,0.535479099,0.446290395,0.494564297,0.521938114,0.532461588,0.594548274,0.503024315,0.441784818,0.444633438,0.517972082,0.444765977,0.558386221,0.562720392,0.283042236,0.388911956,0.545528913,0.58502981,0.586051826,0.600208179,0.332581732,0.42011942,0.477242349,0.474397323,0.37632192,0,0.523785701,0.29612157,0.310936042,0.230237023,0.345670102,0.219282175,0.347871778,0.315661036,0.480932949,0.231999743,0.634948506,0.355096376,0.337544089,0.358446467,0.366668384,0.453226625,0.466841382,0.596806162,0.39193008,0.542197077,0.468224491,0.334122945
0.368580194,0.404819395,0.410775168,0.677743603,0.43066345,0.52216486,0.304364211,0.598653232,0.471225691,0.379803101,0.363946637,0.365864279,0.238072166,0.34989542,0.421982881,0.349299798,0.440960158,0.575477428,0.279168708,0.411292769,0.371084237,0.341886022,0.361783522,0.479600378,0.422244558,0.319382403,0.30956792,0.309907367,0.329331648,0.469034409,0.514528255,0.465230656,0.298555222,0.380723133,0.58895131,0,0.461324103,0.640439024,0.606366866,0.469085565,0.653862398,0.432829048,0.439879862,0.30567517,0.472461562,0.403156882,0.449377109,0.415509509,0.393391114,0.386369844,0.434647785,0.319205673,0.297556754,0.654017297,0.354204125,0.298848859,0.400316069
0.27113293,0.328144767,0.214002199,0.361290468,0.243612678,0.218685075,0.492888957,0.306345703,0.325243973,0.340566388,0.449158972,0.357024299,0.423490118,0.480436717,0.526195562,0.51355509,0.410982651,0.327998207,0.352745556,0.511937361,0.342039921,0.473627926,0.536249612,0.273795456,0.407173083,0.472360262,0.48816151,0.490142516,0.502512658,0.230214406,0.298003383,0.38789865,0.370917407,0.381626978,0.307547029,0.424543992,0,0.378171076,0.265552365,0.258662099,0.369253468,0.230132586,0.239192137,0.366855181,0.263489729,0.542056093,0.35247581,0.339406376,0.354105882,0.323275261,0.363628327,0.386434285,0.542609521,0.332755477,0.464603081,0.376290888,0.320312349
0.414438729,0.412324542,0.36678104,0.337682566,0.381230882,0.295344452,0.622109882,0.300101181,0.459430901,0.472830231,0.571504805,0.478259455,0.528612267,0.565569111,0.577803918,0.61115581,0.562078994,0.478242545,0.496121258,0.566199997,0.445076258,0.595725214,0.622238463,0.371290106,0.443308571,0.593548545,0.622480027,0.635258912,0.626043897,0.357882021,0.444010964,0.546459493,0.500156669,0.444544678,0.319549688,0.584004927,0.37420893,0,0.296673998,0.382206641,0.33116501,0.358288929,0.388816826,0.497066657,0.33751863,0.667391062,0.442708705,0.419462357,0.447798178,0.43101329,0.46309483,0.523496491,0.635394309,0.415449141,0.559898252,0.515042766,0.418265135
0.335679684,0.354947007,0.282017163,0.22392988,0.261836878,0.181042805,0.608010875,0.198669935,0.425120426,0.446166104,0.553644069,0.436389813,0.50755912,0.569543687,0.584721081,0.610701171,0.513733891,0.390035104,0.426228587,0.575473451,0.402887058,0.575461932,0.604412564,0.322467644,0.444148611,0.580033635,0.61321194,0.612535079,0.607839394,0.24923179,0.360441336,0.431545634,0.459214738,0.422821736,0.229807726,0.536802703,0.255210269,0.288138717,0,0.260052016,0.271652924,0.270993424,0.262003011,0.451692842,0.254054742,0.627244559,0.384413719,0.367158276,0.393442941,0.371479049,0.413961974,0.451079634,0.623163805,0.268371134,0.547940008,0.464436241,0.346097789
0.281313528,0.330983488,0.283249746,0.362573279,0.217778653,0.259943247,0.531120343,0.341396873,0.425742585,0.433262459,0.478897836,0.344523824,0.406530488,0.512927492,0.531183658,0.531861464,0.504392721,0.399723112,0.307978059,0.539665919,0.328114004,0.497457904,0.534166042,0.358365296,0.433003184,0.522000864,0.541900134,0.549175849,0.511380024,0.200339685,0.364354495,0.329887896,0.358205408,0.367676595,0.357211861,0.428792064,0.25736848,0.384321739,0.269237043,0,0.414852249,0.205314283,0.21400838,0.337802195,0.31623228,0.512777256,0.345029597,0.331557055,0.346610895,0.31279831,0.337520765,0.336094708,0.525321559,0.312321077,0.463981926,0.3569949,0.308303301
0.373179265,0.358045817,0.312028695,0.182445821,0.353479246,0.282362499,0.641125064,0.171988055,0.427539926,0.44001078,0.608538946,0.532843318,0.537373749,0.582390801,0.59283657,0.651920891,0.525813967,0.415270537,0.489255775,0.58003028,0.494576337,0.61795579,0.618301689,0.333475791,0.464914522,0.602180907,0.630951317,0.633596575,0.656083531,0.347219958,0.40651148,0.480285308,0.524563264,0.444123342,0.213325809,0.565717753,0.345878177,0.313485303,0.264767693,0.390543548,0,0.379373235,0.359894207,0.520021278,0.31587473,0.688485213,0.380705385,0.364107452,0.402146703,0.40646355,0.535893507,0.505521877,0.641218669,0.385849227,0.58163816,0.499960925,0.362549243
0.296292195,0.327277476,0.276346554,0.388575404,0.230082368,0.262320511,0.496820929,0.340163229,0.336009697,0.365885632,0.458061772,0.352013357,0.405762094,0.487482947,0.538127658,0.498946516,0.422283961,0.328675255,0.309100125,0.526645432,0.293245305,0.481041706,0.541465818,0.309616487,0.417323728,0.473225334,0.487536599,0.498651826,0.492235569,0.181974,0.308758976,0.359753979,0.363041627,0.379551426,0.361762596,0.397599528,0.230431098,0.362552181,0.282340872,0.206613919,0.405537557,0,0.19985492,0.320678719,0.306932387,0.532332043,0.363691068,0.348644454,0.352817082,0.321652373,0.335042963,0.3624013,0.511837362,0.304348582,0.424304732,0.353848375,0.31464577
0.274464351,0.314996776,0.251214831,0.354026708,0.215639572,0.266149902,0.513557144,0.297760018,0.368355699,0.371204308,0.47138258,0.378861796,0.389985905,0.497349868,0.533923438,0.511219704,0.434905404,0.365670088,0.294677895,0.529917695,0.341616453,0.493752004,0.530614483,0.319649429,0.412187278,0.479907253,0.503201825,0.506207346,0.507685801,0.206188621,0.330986261,0.351472964,0.356321312,0.359703338,0.324824188,0.400833545,0.23699151,0.389318555,0.270112201,0.213105231,0.380681847,0.197759686,0,0.357956117,0.28238587,0.528663522,0.357699272,0.326220237,0.34021019,0.311237624,0.365104896,0.355121519,0.510517606,0.344921969,0.455694879,0.347926839,0.286157042
0.285261663,0.293488061,0.358470778,0.583733441,0.341240943,0.426886552,0.361356221,0.522192301,0.465522717,0.393045975,0.3300786,0.312908678,0.263456369,0.34056557,0.406634644,0.375332542,0.481440066,0.547212923,0.26434705,0.407842244,0.238523584,0.33952079,0.392804361,0.407241014,0.373338195,0.410246991,0.415453193,0.423707023,0.347936538,0.391437914,0.484351756,0.435067362,0.256665311,0.387284238,0.522865451,0.293659566,0.383910842,0.526472584,0.4920433,0.355403917,0.581176315,0.335225109,0.378139688,0,0.396533546,0.398901391,0.328636182,0.322985486,0.296784524,0.268775811,0.329890694,0.205804504,0.344048529,0.545567334,0.267665151,0.220531237,0.295682664
0.26315279,0.292667184,0.181211028,0.330173638,0.262139878,0.221864562,0.471873128,0.253451706,0.388777055,0.35451698,0.419897911,0.343903548,0.394114318,0.422281116,0.43706271,0.488414332,0.463786262,0.463653933,0.358509405,0.42228466,0.333604575,0.441397433,0.466947711,0.270834159,0.313005055,0.465485927,0.501074122,0.498000396,0.484092126,0.292875398,0.391352916,0.457961987,0.369560737,0.325463746,0.239042411,0.432455656,0.26140245,0.338390276,0.262255918,0.315304088,0.334550951,0.304106505,0.282750274,0.375897565,0,0.523215123,0.327532433,0.299944789,0.30759915,0.28706294,0.354550147,0.374763512,0.501476205,0.426188737,0.437813248,0.385153359,0.295437305
0.5108674,0.537868634,0.575241626,0.808886429,0.533669739,0.642607106,0.397383416,0.739325783,0.711768713,0.634156842,0.397989559,0.381767882,0.338286421,0.427103363,0.353090624,0.413378122,0.729889642,0.799717964,0.398125376,0.463742952,0.486177376,0.300531077,0.315005167,0.672091591,0.477962565,0.520445455,0.521503011,0.53260509,0.278335246,0.624904563,0.719157867,0.596431827,0.381397983,0.465387616,0.731650986,0.412621473,0.604119634,0.748896279,0.725624837,0.573574757,0.815294838,0.591623839,0.592499159,0.423707685,0.585503315,0,0.565142318,0.533126525,0.501173871,0.489957588,0.419118047,0.418317067,0.336428239,0.799006489,0.441897212,0.43739962,0.537965671
0.209258228,0.18009512,0.28496967,0.420321874,0.29529608,0.344207561,0.490187149,0.370511891,0.469779483,0.408639401,0.436813885,0.401689902,0.36990184,0.411798527,0.438603159,0.505895869,0.51658136,0.523792237,0.342360343,0.44094294,0.361951725,0.454400967,0.454962916,0.342029675,0.378414069,0.511686714,0.532697233,0.536583822,0.494115832,0.381491896,0.463365678,0.39427728,0.336557616,0.38507895,0.367998199,0.414175624,0.351775015,0.446577294,0.399494423,0.346159192,0.40564636,0.362530064,0.360481528,0.313359179,0.329445454,0.50936201,0,0.150501819,0.174676018,0.186228545,0.390754043,0.279675609,0.463964416,0.468273671,0.388380289,0.288729293,0.209585235
0.187545836,0.165507716,0.259005934,0.400064623,0.263023414,0.321293049,0.455709191,0.345655205,0.452456124,0.388088959,0.421884155,0.383572757,0.332853575,0.390074369,0.406732274,0.485162382,0.498456324,0.510142627,0.310883089,0.417829886,0.354087876,0.425238467,0.419470564,0.332319965,0.351641934,0.47278223,0.496986965,0.495209798,0.460957797,0.353455343,0.449217317,0.376147998,0.313476014,0.334515132,0.347016623,0.379536603,0.336003497,0.419816256,0.378481897,0.329962126,0.384858499,0.34472582,0.326114189,0.305512102,0.29926104,0.476734612,0.14929677,0,0.159733866,0.181246972,0.375839058,0.259884421,0.426593327,0.474135005,0.382538725,0.260449408,0.17401948
0.207141338,0.155664713,0.279452214,0.444341552,0.279041623,0.353379426,0.435502048,0.385642803,0.461125938,0.389895158,0.392856421,0.363255543,0.307392083,0.361072503,0.383483483,0.455599111,0.500013839,0.539398146,0.294869306,0.397270551,0.32741476,0.395250893,0.390899333,0.344760047,0.332598791,0.452893861,0.481755206,0.482261872,0.436288846,0.383333566,0.472737686,0.395828484,0.290087364,0.342766338,0.374953425,0.365626877,0.356715829,0.455947108,0.412712067,0.351006611,0.432510489,0.354988728,0.346071507,0.285745427,0.312297068,0.456033309,0.176314021,0.162543885,0,0.185501828,0.359688643,0.249374706,0.393017458,0.497849326,0.339220532,0.256066889,0.152987816
0.180309962,0.197748419,0.252193772,0.428223876,0.251737198,0.32199502,0.409205075,0.377086902,0.424563626,0.361809555,0.367015613,0.334536307,0.304607182,0.364423179,0.392446606,0.437088,0.462835046,0.497330686,0.271212135,0.391920773,0.297405262,0.376069181,0.40157844,0.324410319,0.338519738,0.443053481,0.459662867,0.45808695,0.409948094,0.326661048,0.412298607,0.366276665,0.272372221,0.33932663,0.373422137,0.348938955,0.317055496,0.427264077,0.379379019,0.308397649,0.425605578,0.315083233,0.308236591,0.251940693,0.283748437,0.433860021,0.183009398,0.179552014,0.180601673,0,0.311340031,0.225606389,0.396722293,0.455194623,0.335061171,0.235855881,0.198305669
0.366215481,0.399728735,0.378533404,0.586249005,0.356020544,0.386677611,0.435881569,0.520760487,0.520420528,0.477179872,0.343874788,0.251493834,0.381444019,0.422398054,0.427621981,0.41887243,0.563422869,0.60751096,0.355565513,0.446656105,0.316930885,0.372442705,0.439601505,0.446387067,0.346671017,0.457729418,0.478359286,0.492710898,0.388007868,0.398071254,0.516634474,0.513037078,0.349343873,0.366926458,0.504378681,0.428984233,0.389807464,0.501996529,0.461836845,0.3643562,0.613142197,0.359051648,0.39525039,0.338383706,0.382957415,0.404462492,0.417857019,0.405225018,0.381112442,0.338811909,0,0.386974382,0.464577697,0.537992602,0.410474541,0.397079691,0.38981322
0.264309745,0.263088254,0.34921908,0.545687757,0.308659665,0.417578055,0.400913497,0.493875559,0.51584738,0.441834202,0.371289643,0.340347851,0.259098836,0.376154512,0.393958387,0.426825251,0.536304217,0.572713998,0.223790381,0.41778059,0.299339543,0.359179462,0.373103327,0.432049737,0.389100908,0.458290346,0.475622259,0.473887277,0.37557368,0.407148189,0.504188068,0.37790383,0.236584327,0.377755991,0.497369669,0.301550643,0.396291769,0.543232706,0.48145101,0.346512579,0.553614743,0.371241966,0.367631153,0.201761874,0.387447819,0.386697737,0.287540467,0.26936628,0.253933531,0.235964598,0.370204538,0,0.339761207,0.543174115,0.306327912,0.163812007,0.260799978
0.469962187,0.466339117,0.531016193,0.78040425,0.529494277,0.630566765,0.301449942,0.7026613,0.634094975,0.535126139,0.378101194,0.431358909,0.234784075,0.326710075,0.336998129,0.341770886,0.619491247,0.773437552,0.372581375,0.387987687,0.455562655,0.285156578,0.264291567,0.60000369,0.432408392,0.380957911,0.386406604,0.389368108,0.274457411,0.619573819,0.699076033,0.601369378,0.353228499,0.433802186,0.690928471,0.306368316,0.607078559,0.717428514,0.724764689,0.591704116,0.763074165,0.57368905,0.576839221,0.368743224,0.564091126,0.33893107,0.518301909,0.480853529,0.435381528,0.452284908,0.484650353,0.370299406,0,0.808507186,0.336526548,0.365759922,0.465411801
0.430942496,0.449677769,0.398221714,0.342397692,0.356805938,0.344570312,0.682112717,0.363153888,0.447543334,0.506916324,0.641933724,0.530956697,0.59969753,0.679632628,0.720998425,0.691795295,0.533459805,0.334607561,0.484202043,0.695491147,0.470136047,0.663829647,0.726303798,0.423514714,0.597818535,0.647575561,0.661820679,0.668315516,0.677419037,0.275911453,0.319235035,0.449710009,0.528512929,0.554351872,0.398867722,0.58746481,0.326064874,0.411406198,0.273631841,0.307579606,0.403643403,0.297842806,0.341125174,0.510637177,0.420954163,0.701399515,0.458877004,0.468399506,0.483326837,0.453906639,0.491650897,0.51885763,0.705346425,0,0.613873801,0.524276219,0.442134736
0.409305794,0.371790303,0.459095668,0.692792652,0.460270775,0.525419451,0.334907609,0.606889532,0.533119258,0.440282232,0.286612937,0.385593345,0.291255822,0.285490449,0.365095645,0.336867169,0.515769461,0.658097366,0.374750935,0.366170609,0.309898141,0.301141097,0.362261738,0.474814942,0.3731554,0.432167093,0.427507058,0.440126518,0.325838785,0.530341604,0.585843799,0.547200278,0.296725951,0.465190829,0.604821745,0.35139703,0.500852683,0.60913683,0.614042246,0.503559581,0.666935628,0.458239884,0.496122176,0.27640185,0.474524095,0.428432434,0.418050814,0.415476624,0.362087927,0.368064008,0.412597733,0.321704938,0.324257302,0.678001957,0,0.305783546,0.385904131
0.267352188,0.256372171,0.350640192,0.554645698,0.323558918,0.433697718,0.377211483,0.499477202,0.485999313,0.402882626,0.371988292,0.373242822,0.230776359,0.367256654,0.408360602,0.410995202,0.496374986,0.549490891,0.230440087,0.416341723,0.330618587,0.355405567,0.383134601,0.420484974,0.391565391,0.429645742,0.444296116,0.44046124,0.366476195,0.404750596,0.481101054,0.385461866,0.232356044,0.390943724,0.501611823,0.283759604,0.388031329,0.537426545,0.498458115,0.370103362,0.550563533,0.364492176,0.362182062,0.217397741,0.400399289,0.406727187,0.298520039,0.27147497,0.262216091,0.248073531,0.381957528,0.16472117,0.337307657,0.55189277,0.292652518,0,0.263429445
0.19308715,0.131828578,0.251522931,0.396308688,0.248424036,0.3106081,0.446568503,0.339736703,0.42997488,0.372370629,0.410423773,0.36075993,0.313575151,0.389778629,0.42010634,0.464443519,0.478673014,0.481919639,0.284121373,0.422529296,0.308160587,0.414672704,0.418909327,0.318172314,0.344271731,0.451005541,0.483343345,0.480515869,0.452793509,0.333737106,0.433883033,0.365544328,0.301302929,0.337268401,0.342065211,0.364167666,0.315800278,0.416805455,0.355315228,0.305563057,0.381617884,0.309839258,0.284886946,0.278619765,0.293560551,0.478994645,0.207044567,0.173305,0.149729175,0.199347659,0.360004369,0.25066027,0.411210341,0.44571909,0.353860678,0.251770017,0
